ticket_id,true_reason,agent_code,double_payout,true_refund_inr,care_plus
T400001,,,N,,N
T400002,,,N,,N
T400003,,,N,,N
T400004,,,N,,N
T400005,,,N,,N
T400006,,,N,,N
T400007,,,N,,N
T400008,WTY-BUYBACK,WTY-BUYBACK,N,2844,N
T400009,,,N,,N
T400010,,,N,,N
T400011,,,N,,N
T400012,,,N,,Y
T400013,,,N,,N
T400014,,,N,,N
T400015,,,N,,N
T400016,,,N,,N
T400017,,,N,,N
T400018,,,N,,Y
T400019,DOA-REPL,GW-OTHER,N,2499,N
T400020,,,N,,N
T400021,,,N,,N
T400022,,,N,,Y
T400023,,,N,,N
T400024,,,N,,N
T400025,,,N,,N
T400026,CANCEL,GW-OTHER,N,1439,N
T400027,,,N,,Y
T400028,CANCEL,GW-OTHER,N,1799,Y
T400029,,,N,,N
T400030,,,N,,N
T400031,,,N,,N
T400032,,,N,,N
T400033,,,N,,N
T400034,LOST-TRANSIT,LOST-TRANSIT,N,2499,N
T400035,DUP-PAYMENT,GW-OTHER,N,5999,N
T400036,,,N,,N
T400037,,,N,,Y
T400038,,,N,,Y
T400039,,,N,,N
T400040,,,N,,N
T400041,,,N,,N
T400042,,,N,,Y
T400043,,,N,,Y
T400044,,,N,,N
T400045,,,N,,N
T400046,,,N,,N
T400047,,,N,,N
T400048,,,N,,N
T400049,,,N,,N
T400050,,,N,,N
T400051,,,N,,Y
T400052,,,N,,N
T400053,,,N,,N
T400054,,,N,,N
T400055,,,N,,N
T400056,,,N,,N
T400057,,,N,,N
T400058,,,N,,N
T400059,,,N,,N
T400060,,,N,,N
T400061,,,N,,Y
T400062,,,N,,Y
T400063,,,N,,N
T400064,RETURN-QC-OK,GW-OTHER,N,1999,N
T400065,,,N,,N
T400066,,,N,,N
T400067,,,N,,N
T400068,,,N,,N
T400069,DUP-PAYMENT,DUP-PAYMENT,N,3998,Y
T400070,,,N,,N
T400071,,,N,,Y
T400072,,,N,,N
T400073,,,N,,N
T400074,,,N,,N
T400075,,,N,,N
T400076,,,N,,N
T400077,DUP-PAYMENT,DUP-PAYMENT,N,6999,Y
T400078,,,N,,Y
T400079,,,N,,N
T400080,,,N,,N
T400081,RETURN-QC-OK,GW-OTHER,N,2124,N
T400082,,,N,,N
T400083,,,N,,N
T400084,,,N,,Y
T400085,,,N,,N
T400086,,,N,,N
T400087,,,N,,N
T400088,,,N,,N
T400089,,,N,,Y
T400090,,,N,,N
T400091,,,N,,N
T400092,,,N,,N
T400093,,,N,,Y
T400094,,,N,,N
T400095,,,N,,N
T400096,,,N,,N
T400097,,,N,,Y
T400098,,,N,,N
T400099,,,N,,Y
T400100,,,N,,N
T400101,,,N,,Y
T400102,,,N,,N
T400103,,,N,,N
T400104,DUP-PAYMENT,GW-OTHER,N,1999,N
T400105,DOA-REPL,DOA-REPL,N,5999,Y
T400106,,,N,,Y
T400107,,,N,,N
T400108,,,N,,N
T400109,,,N,,N
T400110,,,N,,Y
T400111,,,N,,N
T400112,,,N,,N
T400113,,,N,,N
T400114,,,N,,N
T400115,,,N,,N
T400116,,,N,,N
T400117,,,N,,N
T400118,,,N,,N
T400119,,,N,,N
T400120,,,N,,Y
T400121,,,N,,N
T400122,,,N,,Y
T400123,,,N,,N
T400124,,,N,,N
T400125,RETURN-QC-OK,GW-OTHER,N,1349,N
T400126,,,N,,N
T400127,,,N,,N
T400128,WTY-BUYBACK,GW-OTHER,N,3451,N
T400129,,,N,,N
T400130,,,N,,N
T400131,,,N,,Y
T400132,,,N,,N
T400133,,,N,,N
T400134,,,N,,N
T400135,WTY-BUYBACK,GW-OTHER,N,713,Y
T400136,,,N,,N
T400137,DOA-REPL,GW-OTHER,N,4248,Y
T400138,,,N,,N
T400139,,,N,,N
T400140,,,N,,N
T400141,,,N,,N
T400142,,,N,,N
T400143,,,N,,Y
T400144,,,N,,N
T400145,,,N,,N
T400146,,,N,,Y
T400147,,,N,,N
T400148,,,N,,N
T400149,,,N,,N
T400150,,,N,,N
T400151,RETURN-QC-OK,RETURN-QC-OK,N,1799,Y
T400152,,,N,,N
T400153,,,N,,N
T400154,,,N,,N
T400155,,,N,,N
T400156,PRICE-ADJ,GW-OTHER,N,750,N
T400157,,,N,,N
T400158,,,N,,Y
T400159,,,N,,N
T400160,,,N,,N
T400161,,,N,,Y
T400162,,,N,,Y
T400163,,,N,,N
T400164,,,N,,Y
T400165,,,N,,N
T400166,,,N,,N
T400167,,,N,,N
T400168,,,N,,Y
T400169,,,N,,N
T400170,,,N,,N
T400171,,,N,,N
T400172,,,N,,N
T400173,,,N,,N
T400174,,,N,,N
T400175,,,N,,Y
T400176,,,N,,N
T400177,,,N,,N
T400178,,,N,,N
T400179,,,N,,N
T400180,,,N,,Y
T400181,,,N,,N
T400182,,,N,,N
T400183,,,N,,N
T400184,,,N,,N
T400185,,,N,,N
T400186,,,N,,Y
T400187,,,N,,N
T400188,,,N,,N
T400189,,,N,,Y
T400190,,,N,,N
T400191,,,N,,N
T400192,,,N,,N
T400193,RETURN-QC-OK,RETURN-QC-OK,N,2124,Y
T400194,,,N,,N
T400195,,,N,,Y
T400196,,,N,,N
T400197,,,N,,N
T400198,,,N,,N
T400199,,,N,,Y
T400200,,,N,,N
T400201,,,N,,N
T400202,,,N,,N
T400203,,,N,,N
T400204,,,N,,Y
T400205,,,N,,N
T400206,,,N,,N
T400207,,,N,,Y
T400208,,,N,,N
T400209,,,N,,N
T400210,,,N,,N
T400211,,,N,,N
T400212,LOST-TRANSIT,GW-OTHER,N,1439,N
T400213,,,N,,N
T400214,,,N,,N
T400215,,,N,,N
T400216,,,N,,N
T400217,,,N,,Y
T400218,,,N,,Y
T400219,DOA-REPL,GW-OTHER,N,2124,Y
T400220,,,N,,Y
T400221,,,N,,N
T400222,,,N,,N
T400223,,,N,,N
T400224,,,N,,Y
T400225,CANCEL,GW-OTHER,N,6499,N
T400226,,,N,,N
T400227,,,N,,N
T400228,,,N,,N
T400229,,,N,,N
T400230,,,N,,Y
T400231,,,N,,N
T400232,,,N,,Y
T400233,GW-OTHER,GW-OTHER,N,150,N
T400234,,,N,,N
T400235,,,N,,N
T400236,,,N,,N
T400237,,,N,,N
T400238,,,N,,N
T400239,,,N,,Y
T400240,,,N,,Y
T400241,,,N,,N
T400242,LOST-TRANSIT,GW-OTHER,N,6649,Y
T400243,,,N,,N
T400244,DOA-REPL,DOA-REPL,N,3999,N
T400245,RETURN-QC-OK,GW-OTHER,N,5524,N
T400246,,,N,,N
T400247,,,N,,N
T400248,,,N,,Y
T400249,,,N,,Y
T400250,DUP-PAYMENT,GW-OTHER,N,6174,N
T400251,,,N,,N
T400252,LOST-TRANSIT,GW-OTHER,N,2249,Y
T400253,,,N,,N
T400254,,,N,,N
T400255,,,N,,N
T400256,,,N,,Y
T400257,GW-OTHER,GW-OTHER,N,350,N
T400258,,,N,,Y
T400259,RETURN-QC-OK,RETURN-QC-OK,N,6649,Y
T400260,,,N,,N
T400261,,,N,,N
T400262,,,N,,N
T400263,,,N,,N
T400264,,,N,,N
T400265,,,N,,Y
T400266,,,N,,N
T400267,,,N,,N
T400268,,,N,,N
T400269,,,N,,N
T400270,,,N,,N
T400271,,,N,,Y
T400272,,,N,,Y
T400273,,,N,,Y
T400274,,,N,,N
T400275,,,N,,N
T400276,,,N,,N
T400277,,,N,,Y
T400278,,,N,,N
T400279,,,N,,Y
T400280,,,N,,N
T400281,,,N,,Y
T400282,,,N,,Y
T400283,GW-OTHER,GW-OTHER,N,400,N
T400284,,,N,,N
T400285,,,N,,N
T400286,,,N,,N
T400287,,,N,,N
T400288,,,N,,Y
T400289,,,N,,N
T400290,,,N,,N
T400291,,,N,,N
T400292,,,N,,N
T400293,RETURN-QC-OK,GW-OTHER,N,12348,Y
T400294,,,N,,N
T400295,,,N,,Y
T400296,LOST-TRANSIT,LOST-TRANSIT,N,5599,Y
T400297,CANCEL,CANCEL,N,5999,N
T400298,,,N,,Y
T400299,,,N,,Y
T400300,,,N,,N
T400301,,,N,,N
T400302,,,N,,Y
T400303,,,N,,Y
T400304,,,N,,Y
T400305,,,N,,Y
T400306,,,N,,Y
T400307,,,N,,N
T400308,,,N,,N
T400309,,,N,,Y
T400310,,,N,,N
T400311,,,N,,N
T400312,,,N,,Y
T400313,,,N,,N
T400314,LOST-TRANSIT,GW-OTHER,N,2374,N
T400315,,,N,,N
T400316,,,N,,N
T400317,,,N,,Y
T400318,,,N,,N
T400319,,,N,,N
T400320,,,N,,N
T400321,,,N,,Y
T400322,,,N,,N
T400323,,,N,,Y
T400324,,,N,,N
T400325,,,N,,N
T400326,,,N,,N
T400327,,,N,,Y
T400328,,,N,,N
T400329,DOA-REPL,GW-OTHER,N,1999,N
T400330,,,N,,Y
T400331,,,N,,N
T400332,,,N,,N
T400333,,,N,,Y
T400334,RETURN-QC-OK,GW-OTHER,N,5849,Y
T400335,,,N,,Y
T400336,,,N,,N
T400337,,,N,,N
T400338,,,N,,N
T400339,,,N,,N
T400340,GW-OTHER,GW-OTHER,N,250,Y
T400341,,,N,,N
T400342,,,N,,N
T400343,,,N,,N
T400344,,,N,,N
T400345,,,N,,Y
T400346,,,N,,N
T400347,,,N,,N
T400348,,,N,,Y
T400349,,,N,,Y
T400350,,,N,,Y
T400351,,,N,,N
T400352,,,N,,N
T400353,,,N,,N
T400354,,,N,,N
T400355,,,N,,N
T400356,RETURN-QC-OK,RETURN-QC-OK,N,1424,N
T400357,RETURN-QC-OK,RETURN-QC-OK,N,4499,N
T400358,,,N,,Y
T400359,,,N,,Y
T400360,,,N,,Y
T400361,,,N,,N
T400362,,,N,,N
T400363,,,N,,N
T400364,,,N,,N
T400365,,,N,,Y
T400366,,,N,,N
T400367,,,N,,N
T400368,,,N,,N
T400369,,,N,,N
T400370,,,N,,N
T400371,,,N,,Y
T400372,DOA-REPL,GW-OTHER,N,2374,N
T400373,,,N,,N
T400374,LOST-TRANSIT,GW-OTHER,N,1999,N
T400375,DOA-REPL,GW-OTHER,N,1619,N
T400376,,,N,,N
T400377,,,N,,N
T400378,,,N,,N
T400379,,,N,,Y
T400380,,,N,,N
T400381,,,N,,N
T400382,DOA-REPL,GW-OTHER,N,5699,N
T400383,,,N,,N
T400384,,,N,,N
T400385,,,N,,N
T400386,,,N,,Y
T400387,,,N,,N
T400388,,,N,,N
T400389,CANCEL,CANCEL,N,1799,N
T400390,,,N,,N
T400391,,,N,,N
T400392,,,N,,N
T400393,DOA-REPL,DOA-REPL,N,11698,Y
T400394,,,N,,N
T400395,,,N,,N
T400396,,,N,,N
T400397,,,N,,N
T400398,,,N,,N
T400399,,,N,,N
T400400,,,N,,N
T400401,DUP-PAYMENT,GW-OTHER,N,1039,N
T400402,,,N,,Y
T400403,,,N,,Y
T400404,,,N,,N
T400405,,,N,,N
T400406,,,N,,N
T400407,,,N,,N
T400408,,,N,,Y
T400409,,,N,,N
T400410,,,N,,Y
T400411,,,N,,N
T400412,,,N,,N
T400413,,,N,,N
T400414,,,N,,N
T400415,,,N,,N
T400416,,,N,,N
T400417,DOA-REPL,GW-OTHER,N,2249,N
T400418,,,N,,N
T400419,,,N,,N
T400420,DOA-REPL,DOA-REPL,N,5399,N
T400421,,,N,,Y
T400422,,,N,,N
T400423,,,N,,N
T400424,,,N,,N
T400425,,,N,,N
T400426,,,N,,N
T400427,,,N,,Y
T400428,,,N,,N
T400429,,,N,,N
T400430,,,N,,N
T400431,,,N,,Y
T400432,,,N,,N
T400433,DOA-REPL,GW-OTHER,N,2499,N
T400434,,,N,,Y
T400435,,,N,,N
T400436,,,N,,Y
T400437,,,N,,Y
T400438,,,N,,N
T400439,,,N,,N
T400440,,,N,,N
T400441,,,N,,N
T400442,LOST-TRANSIT,GW-OTHER,N,2499,Y
T400443,DOA-REPL,GW-OTHER,N,4749,N
T400444,,,N,,N
T400445,,,N,,N
T400446,,,N,,N
T400447,PRICE-ADJ,PRICE-ADJ,N,500,Y
T400448,,,N,,N
T400449,,,N,,Y
T400450,,,N,,Y
T400451,,,N,,Y
T400452,,,N,,N
T400453,,,N,,N
T400454,,,N,,N
T400455,,,N,,Y
T400456,,,N,,N
T400457,,,N,,Y
T400458,,,N,,N
T400459,DUP-PAYMENT,DUP-PAYMENT,N,5699,Y
T400460,,,N,,N
T400461,LOST-TRANSIT,GW-OTHER,N,2124,N
T400462,,,N,,Y
T400463,,,N,,N
T400464,,,N,,N
T400465,,,N,,N
T400466,,,N,,Y
T400467,,,N,,Y
T400468,,,N,,Y
T400469,,,N,,Y
T400470,,,N,,N
T400471,,,N,,N
T400472,,,N,,N
T400473,,,N,,N
T400474,,,N,,N
T400475,,,N,,N
T400476,,,N,,Y
T400477,,,N,,Y
T400478,,,N,,N
T400479,DOA-REPL,GW-OTHER,N,4749,N
T400480,,,N,,N
T400481,,,N,,Y
T400482,,,N,,Y
T400483,,,N,,N
T400484,,,N,,N
T400485,,,N,,N
T400486,RETURN-QC-OK,RETURN-QC-OK,N,6499,N
T400487,,,N,,N
T400488,,,N,,N
T400489,,,N,,N
T400490,,,N,,Y
T400491,,,N,,N
T400492,DUP-PAYMENT,DUP-PAYMENT,N,5524,N
T400493,,,N,,N
T400494,,,N,,Y
T400495,,,N,,N
T400496,,,N,,N
T400497,,,N,,N
T400498,LOST-TRANSIT,LOST-TRANSIT,N,6499,N
T400499,,,N,,N
T400500,,,N,,N
T400501,,,N,,N
T400502,,,N,,N
T400503,LOST-TRANSIT,LOST-TRANSIT,N,5399,N
T400504,,,N,,N
T400505,,,N,,N
T400506,,,N,,N
T400507,,,N,,N
T400508,,,N,,N
T400509,,,N,,Y
T400510,,,N,,Y
T400511,,,N,,N
T400512,,,N,,Y
T400513,CANCEL,CANCEL,N,1799,Y
T400514,,,N,,N
T400515,,,N,,N
T400516,,,N,,N
T400517,,,N,,N
T400518,,,N,,Y
T400519,,,N,,N
T400520,,,N,,N
T400521,DUP-PAYMENT,GW-OTHER,N,3999,N
T400522,,,N,,N
T400523,,,N,,N
T400524,,,N,,N
T400525,,,N,,N
T400526,DUP-PAYMENT,DUP-PAYMENT,N,5849,N
T400527,,,N,,N
T400528,,,N,,N
T400529,,,N,,N
T400530,,,N,,N
T400531,,,N,,N
T400532,DOA-REPL,GW-OTHER,N,10398,N
T400533,,,N,,N
T400534,,,N,,Y
T400535,,,N,,Y
T400536,,,N,,N
T400537,PRICE-ADJ,GW-OTHER,N,500,Y
T400538,,,N,,N
T400539,,,N,,N
T400540,LOST-TRANSIT,GW-OTHER,N,2499,Y
T400541,,,N,,Y
T400542,,,N,,N
T400543,,,N,,N
T400544,,,N,,N
T400545,,,N,,N
T400546,,,N,,N
T400547,,,N,,N
T400548,,,N,,N
T400549,,,N,,N
T400550,,,N,,N
T400551,,,N,,N
T400552,,,N,,N
T400553,,,N,,Y
T400554,,,N,,N
T400555,,,N,,Y
T400556,RETURN-QC-OK,GW-OTHER,N,13998,N
T400557,GW-OTHER,GW-OTHER,N,200,Y
T400558,,,N,,N
T400559,,,N,,N
T400560,,,N,,Y
T400561,,,N,,N
T400562,CANCEL,GW-OTHER,N,2499,N
T400563,,,N,,N
T400564,RETURN-QC-OK,GW-OTHER,N,2124,N
T400565,,,N,,N
T400566,,,N,,Y
T400567,,,N,,N
T400568,,,N,,N
T400569,,,N,,N
T400570,,,N,,N
T400571,,,N,,N
T400572,,,N,,N
T400573,,,N,,N
T400574,,,N,,N
T400575,,,N,,Y
T400576,,,N,,N
T400577,,,N,,N
T400578,,,N,,N
T400579,,,N,,Y
T400580,,,N,,Y
T400581,,,N,,N
T400582,,,N,,N
T400583,,,N,,N
T400584,,,N,,N
T400585,,,N,,N
T400586,,,N,,Y
T400587,,,N,,N
T400588,,,N,,Y
T400589,,,N,,N
T400590,,,N,,N
T400591,,,N,,Y
T400592,,,N,,N
T400593,,,N,,N
T400594,,,N,,N
T400595,,,N,,Y
T400596,,,N,,Y
T400597,,,N,,Y
T400598,,,N,,N
T400599,,,N,,N
T400600,CANCEL,CANCEL,N,13998,Y
T400601,,,N,,N
T400602,RETURN-QC-OK,GW-OTHER,N,4249,N
T400603,,,N,,N
T400604,,,N,,N
T400605,,,N,,Y
T400606,,,N,,N
T400607,,,N,,N
T400608,DOA-REPL,DOA-REPL,N,6499,N
T400609,,,N,,N
T400610,,,N,,N
T400611,,,N,,N
T400612,,,N,,N
T400613,,,N,,N
T400614,,,N,,N
T400615,,,N,,Y
T400616,,,N,,N
T400617,,,N,,Y
T400618,,,N,,N
T400619,,,N,,Y
T400620,CANCEL,GW-OTHER,N,2078,N
T400621,,,N,,N
T400622,,,N,,N
T400623,,,N,,N
T400624,,,N,,N
T400625,GW-OTHER,GW-OTHER,N,500,N
T400626,,,N,,N
T400627,,,N,,N
T400628,DUP-PAYMENT,GW-OTHER,N,1799,Y
T400629,,,N,,N
T400630,,,N,,N
T400631,RETURN-QC-OK,GW-OTHER,N,1439,N
T400632,,,N,,N
T400633,,,N,,N
T400634,DOA-REPL,GW-OTHER,N,4999,Y
T400635,,,N,,N
T400636,DOA-REPL,GW-OTHER,N,2499,Y
T400637,,,N,,N
T400638,,,N,,N
T400639,DOA-REPL,GW-OTHER,N,1799,Y
T400640,,,N,,Y
T400641,CANCEL,GW-OTHER,N,3999,Y
T400642,,,N,,N
T400643,,,N,,Y
T400644,,,N,,Y
T400645,,,N,,N
T400646,,,N,,N
T400647,,,N,,N
T400648,,,N,,N
T400649,,,N,,N
T400650,,,N,,N
T400651,,,N,,Y
T400652,,,N,,Y
T400653,,,N,,N
T400654,,,N,,N
T400655,,,N,,N
T400656,,,N,,N
T400657,,,N,,Y
T400658,,,N,,Y
T400659,RETURN-QC-OK,RETURN-QC-OK,N,2124,N
T400660,,,N,,Y
T400661,,,N,,Y
T400662,,,N,,N
T400663,,,N,,N
T400664,,,N,,Y
T400665,,,N,,N
T400666,,,N,,Y
T400667,,,N,,Y
T400668,GW-OTHER,GW-OTHER,N,500,N
T400669,,,N,,N
T400670,,,N,,Y
T400671,,,N,,N
T400672,,,N,,N
T400673,,,N,,Y
T400674,,,N,,N
T400675,,,N,,N
T400676,,,N,,Y
T400677,,,N,,Y
T400678,,,N,,N
T400679,,,N,,N
T400680,DOA-REPL,GW-OTHER,N,1999,N
T400681,,,N,,Y
T400682,,,N,,Y
T400683,,,N,,N
T400684,,,N,,Y
T400685,,,N,,N
T400686,,,N,,Y
T400687,,,N,,Y
T400688,,,N,,Y
T400689,,,N,,N
T400690,,,N,,Y
T400691,WTY-BUYBACK,GW-OTHER,N,1253,Y
T400692,,,N,,N
T400693,,,N,,N
T400694,RETURN-QC-OK,GW-OTHER,N,1999,N
T400695,,,N,,N
T400696,,,N,,N
T400697,LOST-TRANSIT,LOST-TRANSIT,N,4999,N
T400698,,,N,,N
T400699,,,N,,N
T400700,,,N,,N
T400701,,,N,,N
T400702,,,N,,Y
T400703,,,N,,N
T400704,,,N,,N
T400705,,,N,,N
T400706,,,N,,N
T400707,,,N,,N
T400708,,,N,,N
T400709,,,N,,N
T400710,,,N,,Y
T400711,,,N,,N
T400712,,,N,,N
T400713,CANCEL,CANCEL,N,1799,N
T400714,,,N,,N
T400715,,,N,,Y
T400716,,,N,,Y
T400717,DOA-REPL,GW-OTHER,N,1799,N
T400718,,,N,,Y
T400719,,,N,,N
T400720,,,N,,N
T400721,,,N,,N
T400722,DOA-REPL,DOA-REPL,N,1529,N
T400723,,,N,,N
T400724,,,N,,N
T400725,PRICE-ADJ,PRICE-ADJ,N,200,N
T400726,,,N,,Y
T400727,,,N,,N
T400728,DOA-REPL,GW-OTHER,N,2499,Y
T400729,,,N,,N
T400730,,,N,,N
T400731,,,N,,N
T400732,,,N,,N
T400733,,,N,,Y
T400734,RETURN-QC-OK,RETURN-QC-OK,N,2249,Y
T400735,,,N,,N
T400736,,,N,,N
T400737,,,N,,N
T400738,,,N,,Y
T400739,,,N,,N
T400740,,,N,,Y
T400741,,,N,,N
T400742,,,N,,N
T400743,,,N,,Y
T400744,,,N,,N
T400745,,,N,,N
T400746,RETURN-QC-OK,GW-OTHER,N,5949,N
T400747,WTY-BUYBACK,WTY-BUYBACK,N,3221,Y
T400748,,,N,,N
T400749,,,N,,Y
T400750,DOA-REPL,GW-OTHER,N,1799,N
T400751,,,N,,Y
T400752,,,N,,N
T400753,CANCEL,CANCEL,N,2249,N
T400754,,,N,,N
T400755,,,N,,Y
T400756,LOST-TRANSIT,LOST-TRANSIT,N,6499,N
T400757,,,N,,N
T400758,GW-OTHER,GW-OTHER,N,400,Y
T400759,,,N,,Y
T400760,PRICE-ADJ,PRICE-ADJ,N,500,N
T400761,,,N,,N
T400762,,,N,,N
T400763,,,N,,Y
T400764,,,N,,Y
T400765,,,N,,N
T400766,,,N,,N
T400767,,,N,,Y
T400768,,,N,,N
T400769,DOA-REPL,GW-OTHER,N,5399,N
T400770,,,N,,N
T400771,,,N,,N
T400772,,,N,,Y
T400773,,,N,,Y
T400774,,,N,,N
T400775,,,N,,N
T400776,,,N,,N
T400777,PRICE-ADJ,PRICE-ADJ,N,200,N
T400778,,,N,,N
T400779,,,N,,N
T400780,,,N,,N
T400781,RETURN-QC-OK,GW-OTHER,N,1619,N
T400782,RETURN-QC-OK,RETURN-QC-OK,N,2374,Y
T400783,,,N,,N
T400784,,,N,,N
T400785,,,N,,Y
T400786,,,N,,N
T400787,DOA-REPL,DOA-REPL,N,2249,Y
T400788,PRICE-ADJ,PRICE-ADJ,N,300,N
T400789,,,N,,N
T400790,,,N,,Y
T400791,,,N,,Y
T400792,RETURN-QC-OK,RETURN-QC-OK,N,1912,N
T400793,,,N,,N
T400794,,,N,,N
T400795,DOA-REPL,DOA-REPL,N,6299,N
T400796,,,N,,N
T400797,,,N,,Y
T400798,,,N,,Y
T400799,,,N,,N
T400800,,,N,,N
T400801,,,N,,N
T400802,,,N,,N
T400803,,,N,,N
T400804,,,N,,N
T400805,RETURN-QC-OK,RETURN-QC-OK,N,6499,N
T400806,,,N,,N
T400807,,,N,,N
T400808,,,N,,N
T400809,,,N,,N
T400810,,,N,,Y
T400811,DUP-PAYMENT,GW-OTHER,N,2124,Y
T400812,DOA-REPL,GW-OTHER,N,1799,Y
T400813,,,N,,N
T400814,,,N,,N
T400815,LOST-TRANSIT,GW-OTHER,N,2499,Y
T400816,,,N,,N
T400817,,,N,,N
T400818,,,N,,Y
T400819,,,N,,N
T400820,,,N,,N
T400821,,,N,,Y
T400822,,,N,,Y
T400823,LOST-TRANSIT,LOST-TRANSIT,N,1039,N
T400824,,,N,,N
T400825,,,N,,N
T400826,,,N,,N
T400827,,,N,,Y
T400828,,,N,,N
T400829,,,N,,N
T400830,,,N,,N
T400831,,,N,,N
T400832,,,N,,Y
T400833,,,N,,N
T400834,,,N,,N
T400835,,,N,,N
T400836,,,N,,N
T400837,DOA-REPL,GW-OTHER,N,6999,N
T400838,,,N,,N
T400839,,,N,,N
T400840,,,N,,N
T400841,,,N,,N
T400842,,,N,,N
T400843,,,N,,N
T400844,,,N,,Y
T400845,,,N,,N
T400846,,,N,,N
T400847,,,N,,N
T400848,,,N,,N
T400849,,,N,,N
T400850,,,N,,N
T400851,,,N,,N
T400852,,,N,,N
T400853,,,N,,Y
T400854,,,N,,Y
T400855,,,N,,N
T400856,,,N,,N
T400857,,,N,,Y
T400858,,,N,,N
T400859,,,N,,Y
T400860,,,N,,N
T400861,,,N,,N
T400862,,,N,,N
T400863,,,N,,N
T400864,,,N,,Y
T400865,LOST-TRANSIT,LOST-TRANSIT,N,1439,Y
T400866,,,N,,N
T400867,,,N,,N
T400868,,,N,,N
T400869,,,N,,N
T400870,,,N,,N
T400871,,,N,,N
T400872,,,N,,N
T400873,DOA-REPL,GW-OTHER,N,2374,Y
T400874,,,N,,N
T400875,RETURN-QC-OK,GW-OTHER,N,4249,N
T400876,,,N,,Y
T400877,,,N,,N
T400878,,,N,,N
T400879,,,N,,N
T400880,,,N,,N
T400881,,,N,,Y
T400882,CANCEL,GW-OTHER,N,1299,N
T400883,,,N,,N
T400884,,,N,,Y
T400885,,,N,,Y
T400886,,,N,,Y
T400887,DOA-REPL,GW-OTHER,N,13298,N
T400888,,,N,,N
T400889,,,N,,Y
T400890,,,N,,N
T400891,,,N,,Y
T400892,,,N,,N
T400893,,,N,,N
T400894,,,N,,N
T400895,,,N,,Y
T400896,,,N,,N
T400897,DOA-REPL,GW-OTHER,N,2124,N
T400898,,,N,,N
T400899,,,N,,Y
T400900,,,N,,N
T400901,GW-OTHER,GW-OTHER,N,500,Y
T400902,,,N,,N
T400903,,,N,,Y
T400904,,,N,,N
T400905,,,N,,N
T400906,,,N,,N
T400907,,,N,,Y
T400908,,,N,,N
T400909,CANCEL,GW-OTHER,N,2499,N
T400910,,,N,,Y
T400911,,,N,,Y
T400912,,,N,,N
T400913,,,N,,Y
T400914,,,N,,Y
T400915,,,N,,N
T400916,,,N,,Y
T400917,,,N,,Y
T400918,,,N,,N
T400919,,,N,,N
T400920,,,N,,N
T400921,,,N,,N
T400922,RETURN-QC-OK,GW-OTHER,N,6174,Y
T400923,GW-OTHER,GW-OTHER,N,300,N
T400924,,,N,,N
T400925,,,N,,Y
T400926,,,N,,N
T400927,,,N,,N
T400928,,,N,,N
T400929,,,N,,N
T400930,,,N,,N
T400931,,,N,,N
T400932,,,N,,N
T400933,,,N,,Y
T400934,,,N,,Y
T400935,,,N,,Y
T400936,,,N,,N
T400937,,,N,,N
T400938,,,N,,N
T400939,DUP-PAYMENT,DUP-PAYMENT,N,6174,Y
T400940,GW-OTHER,GW-OTHER,N,150,N
T400941,,,N,,N
T400942,,,N,,Y
T400943,,,N,,N
T400944,,,N,,N
T400945,,,N,,Y
T400946,,,N,,N
T400947,,,N,,N
T400948,,,N,,N
T400949,,,N,,Y
T400950,,,N,,N
T400951,GW-OTHER,GW-OTHER,N,200,N
T400952,LOST-TRANSIT,GW-OTHER,N,5849,N
T400953,,,N,,Y
T400954,,,N,,Y
T400955,,,N,,N
T400956,,,N,,Y
T400957,,,N,,Y
T400958,CANCEL,CANCEL,N,1199,Y
T400959,,,N,,N
T400960,,,N,,N
T400961,,,N,,N
T400962,,,N,,N
T400963,,,N,,Y
T400964,GW-OTHER,GW-OTHER,N,200,N
T400965,DOA-REPL,GW-OTHER,N,6649,N
T400966,PRICE-ADJ,PRICE-ADJ,N,500,Y
T400967,,,N,,N
T400968,,,N,,N
T400969,,,N,,N
T400970,,,N,,N
T400971,,,N,,N
T400972,,,N,,N
T400973,,,N,,Y
T400974,,,N,,Y
T400975,,,N,,N
T400976,,,N,,Y
T400977,,,N,,N
T400978,,,N,,Y
T400979,,,N,,N
T400980,,,N,,Y
T400981,,,N,,Y
T400982,,,N,,N
T400983,RETURN-QC-OK,GW-OTHER,N,6299,Y
T400984,,,N,,N
T400985,,,N,,N
T400986,CANCEL,CANCEL,N,2249,Y
T400987,LOST-TRANSIT,LOST-TRANSIT,N,1799,N
T400988,,,N,,N
T400989,,,N,,N
T400990,,,N,,N
T400991,,,N,,Y
T400992,,,N,,Y
T400993,,,N,,Y
T400994,RETURN-QC-OK,RETURN-QC-OK,N,5599,N
T400995,CANCEL,GW-OTHER,N,6999,N
T400996,,,N,,N
T400997,,,N,,N
T400998,,,N,,N
T400999,,,N,,Y
T401000,RETURN-QC-OK,GW-OTHER,N,13998,N
T401001,,,N,,N
T401002,,,N,,Y
T401003,RETURN-QC-OK,RETURN-QC-OK,N,5599,N
T401004,,,N,,Y
T401005,,,N,,N
T401006,,,N,,N
T401007,,,N,,N
T401008,,,N,,N
T401009,LOST-TRANSIT,GW-OTHER,N,2499,N
T401010,RETURN-QC-OK,GW-OTHER,N,1234,Y
T401011,,,N,,N
T401012,,,N,,N
T401013,,,N,,N
T401014,,,N,,Y
T401015,,,N,,Y
T401016,,,N,,Y
T401017,,,N,,Y
T401018,,,N,,N
T401019,,,N,,N
T401020,,,N,,N
T401021,,,N,,N
T401022,,,N,,N
T401023,DOA-REPL,GW-OTHER,N,6299,N
T401024,,,N,,Y
T401025,,,N,,Y
T401026,,,N,,Y
T401027,,,N,,Y
T401028,,,N,,N
T401029,,,N,,N
T401030,,,N,,Y
T401031,,,N,,N
T401032,,,N,,N
T401033,,,N,,Y
T401034,,,N,,Y
T401035,,,N,,N
T401036,,,N,,N
T401037,,,N,,N
T401038,,,N,,Y
T401039,,,N,,Y
T401040,,,N,,Y
T401041,,,N,,Y
T401042,,,N,,N
T401043,RETURN-QC-OK,GW-OTHER,Y,2499,Y
T401044,,,N,,N
T401045,DOA-REPL,GW-OTHER,N,5599,N
T401046,,,N,,Y
T401047,,,N,,N
T401048,,,N,,N
T401049,,,N,,Y
T401050,,,N,,Y
T401051,,,N,,N
T401052,,,N,,Y
T401053,,,N,,Y
T401054,,,N,,N
T401055,,,N,,N
T401056,,,N,,N
T401057,,,N,,N
T401058,,,N,,Y
T401059,,,N,,Y
T401060,,,N,,Y
T401061,,,N,,N
T401062,,,N,,N
T401063,,,N,,N
T401064,,,N,,N
T401065,,,N,,N
T401066,,,N,,Y
T401067,,,N,,Y
T401068,,,N,,N
T401069,,,N,,Y
T401070,,,N,,N
T401071,,,N,,N
T401072,,,N,,Y
T401073,,,N,,Y
T401074,,,N,,N
T401075,,,N,,N
T401076,,,N,,N
T401077,,,N,,Y
T401078,LOST-TRANSIT,LOST-TRANSIT,N,4999,N
T401079,,,N,,N
T401080,,,N,,N
T401081,,,N,,N
T401082,,,N,,N
T401083,RETURN-QC-OK,RETURN-QC-OK,N,2374,N
T401084,DOA-REPL,GW-OTHER,N,5699,N
T401085,,,N,,N
T401086,,,N,,Y
T401087,,,N,,Y
T401088,DOA-REPL,GW-OTHER,N,5199,N
T401089,WTY-BUYBACK,WTY-BUYBACK,N,868,N
T401090,,,N,,N
T401091,,,N,,N
T401092,,,N,,N
T401093,,,N,,N
T401094,,,N,,Y
T401095,,,N,,N
T401096,,,N,,N
T401097,,,N,,N
T401098,,,N,,N
T401099,,,N,,Y
T401100,DUP-PAYMENT,GW-OTHER,N,1999,N
T401101,,,N,,Y
T401102,RETURN-QC-OK,GW-OTHER,N,6299,Y
T401103,,,N,,N
T401104,DOA-REPL,DOA-REPL,N,2499,Y
T401105,,,N,,Y
T401106,,,N,,N
T401107,,,N,,N
T401108,,,N,,Y
T401109,,,N,,Y
T401110,,,N,,N
T401111,,,N,,N
T401112,,,N,,N
T401113,,,N,,N
T401114,,,N,,N
T401115,,,N,,N
T401116,,,N,,Y
T401117,,,N,,N
T401118,,,N,,N
T401119,LOST-TRANSIT,GW-OTHER,N,5999,Y
T401120,,,N,,N
T401121,,,N,,N
T401122,,,N,,N
T401123,,,N,,N
T401124,,,N,,Y
T401125,,,N,,N
T401126,,,N,,Y
T401127,,,N,,Y
T401128,DOA-REPL,GW-OTHER,N,5199,N
T401129,,,N,,N
T401130,PRICE-ADJ,GW-OTHER,N,200,N
T401131,,,N,,Y
T401132,,,N,,Y
T401133,,,N,,N
T401134,,,N,,N
T401135,,,N,,Y
T401136,,,N,,N
T401137,,,N,,N
T401138,,,N,,Y
T401139,,,N,,Y
T401140,,,N,,Y
T401141,,,N,,Y
T401142,,,N,,N
T401143,,,N,,N
T401144,,,N,,N
T401145,,,N,,N
T401146,PRICE-ADJ,GW-OTHER,N,500,N
T401147,,,N,,N
T401148,,,N,,Y
T401149,,,N,,N
T401150,,,N,,Y
T401151,DOA-REPL,GW-OTHER,N,1999,N
T401152,GW-OTHER,GW-OTHER,N,300,N
T401153,PRICE-ADJ,GW-OTHER,N,750,N
T401154,,,N,,N
T401155,,,N,,Y
T401156,,,N,,N
T401157,,,N,,N
T401158,,,N,,Y
T401159,,,N,,N
T401160,,,N,,N
T401161,,,N,,N
T401162,,,N,,N
T401163,,,N,,N
T401164,,,N,,N
T401165,,,N,,Y
T401166,,,N,,Y
T401167,,,N,,Y
T401168,,,N,,Y
T401169,GW-OTHER,GW-OTHER,N,350,N
T401170,,,N,,Y
T401171,,,N,,Y
T401172,,,N,,N
T401173,,,N,,N
T401174,DOA-REPL,GW-OTHER,N,6649,N
T401175,,,N,,Y
T401176,,,N,,N
T401177,,,N,,N
T401178,,,N,,N
T401179,,,N,,N
T401180,,,N,,Y
T401181,,,N,,N
T401182,,,N,,N
T401183,,,N,,N
T401184,,,N,,Y
T401185,,,N,,N
T401186,,,N,,Y
T401187,,,N,,N
T401188,,,N,,N
T401189,,,N,,N
T401190,,,N,,N
T401191,,,N,,Y
T401192,,,N,,N
T401193,,,N,,Y
T401194,,,N,,N
T401195,DOA-REPL,DOA-REPL,N,5524,N
T401196,,,N,,Y
T401197,,,N,,Y
T401198,,,N,,Y
T401199,RETURN-QC-OK,GW-OTHER,N,6499,Y
T401200,,,N,,N
T401201,,,N,,N
T401202,,,N,,Y
T401203,DUP-PAYMENT,DUP-PAYMENT,N,11048,N
T401204,,,N,,Y
T401205,RETURN-QC-OK,GW-OTHER,N,1912,N
T401206,,,N,,Y
T401207,RETURN-QC-OK,RETURN-QC-OK,N,1799,N
T401208,,,N,,Y
T401209,,,N,,Y
T401210,RETURN-QC-OK,RETURN-QC-OK,N,3999,Y
T401211,,,N,,Y
T401212,RETURN-QC-OK,RETURN-QC-OK,N,1282,N
T401213,,,N,,N
T401214,,,N,,N
T401215,,,N,,N
T401216,,,N,,Y
T401217,,,N,,N
T401218,,,N,,N
T401219,,,N,,Y
T401220,,,N,,N
T401221,DOA-REPL,GW-OTHER,N,1439,N
T401222,,,N,,N
T401223,,,N,,N
T401224,,,N,,N
T401225,,,N,,N
T401226,,,N,,N
T401227,,,N,,N
T401228,,,N,,N
T401229,LOST-TRANSIT,GW-OTHER,N,339,N
T401230,,,N,,Y
T401231,,,N,,N
T401232,,,N,,N
T401233,,,N,,N
T401234,,,N,,N
T401235,,,N,,Y
T401236,,,N,,N
T401237,,,N,,N
T401238,DOA-REPL,GW-OTHER,N,1169,N
T401239,,,N,,Y
T401240,CANCEL,GW-OTHER,N,2374,N
T401241,,,N,,N
T401242,,,N,,N
T401243,,,N,,N
T401244,,,N,,Y
T401245,DOA-REPL,GW-OTHER,N,2499,N
T401246,,,N,,N
T401247,DOA-REPL,DOA-REPL,N,2374,N
T401248,,,N,,N
T401249,,,N,,N
T401250,,,N,,N
T401251,,,N,,N
T401252,,,N,,Y
T401253,,,N,,Y
T401254,,,N,,N
T401255,,,N,,N
T401256,,,N,,N
T401257,RETURN-QC-OK,GW-OTHER,N,1799,N
T401258,,,N,,N
T401259,,,N,,N
T401260,,,N,,N
T401261,,,N,,N
T401262,LOST-TRANSIT,LOST-TRANSIT,N,1709,N
T401263,,,N,,N
T401264,,,N,,N
T401265,,,N,,Y
T401266,,,N,,N
T401267,,,N,,N
T401268,,,N,,N
T401269,,,N,,Y
T401270,,,N,,N
T401271,LOST-TRANSIT,LOST-TRANSIT,N,1799,N
T401272,,,N,,N
T401273,,,N,,N
T401274,,,N,,N
T401275,,,N,,N
T401276,,,N,,Y
T401277,,,N,,N
T401278,,,N,,N
T401279,RETURN-QC-OK,GW-OTHER,N,4749,Y
T401280,,,N,,Y
T401281,,,N,,N
T401282,GW-OTHER,GW-OTHER,N,200,N
T401283,,,N,,N
T401284,,,N,,N
T401285,,,N,,N
T401286,,,N,,N
T401287,,,N,,N
T401288,,,N,,Y
T401289,,,N,,Y
T401290,,,N,,Y
T401291,,,N,,Y
T401292,,,N,,N
T401293,,,N,,N
T401294,,,N,,N
T401295,,,N,,N
T401296,,,N,,N
T401297,,,N,,N
T401298,,,N,,Y
T401299,LOST-TRANSIT,LOST-TRANSIT,N,1799,N
T401300,,,N,,N
T401301,,,N,,Y
T401302,,,N,,N
T401303,,,N,,N
T401304,,,N,,N
T401305,,,N,,N
T401306,,,N,,N
T401307,,,N,,N
T401308,RETURN-QC-OK,GW-OTHER,N,6174,N
T401309,,,N,,Y
T401310,,,N,,N
T401311,,,N,,N
T401312,,,N,,N
T401313,,,N,,N
T401314,,,N,,N
T401315,,,N,,Y
T401316,,,N,,N
T401317,DOA-REPL,DOA-REPL,N,5849,Y
T401318,,,N,,Y
T401319,,,N,,N
T401320,,,N,,N
T401321,,,N,,Y
T401322,,,N,,Y
T401323,,,N,,N
T401324,,,N,,N
T401325,,,N,,N
T401326,,,N,,N
T401327,,,N,,Y
T401328,,,N,,N
T401329,,,N,,N
T401330,,,N,,N
T401331,,,N,,N
T401332,,,N,,N
T401333,LOST-TRANSIT,LOST-TRANSIT,N,2499,Y
T401334,,,N,,N
T401335,,,N,,N
T401336,,,N,,N
T401337,,,N,,Y
T401338,,,N,,Y
T401339,,,N,,N
T401340,,,N,,N
T401341,LOST-TRANSIT,LOST-TRANSIT,N,1999,N
T401342,,,N,,N
T401343,,,N,,Y
T401344,,,N,,N
T401345,,,N,,Y
T401346,,,N,,Y
T401347,,,N,,N
T401348,,,N,,Y
T401349,,,N,,N
T401350,,,N,,N
T401351,DOA-REPL,DOA-REPL,N,1619,N
T401352,,,N,,N
T401353,,,N,,Y
T401354,,,N,,N
T401355,LOST-TRANSIT,CANCEL,N,1599,Y
T401356,,,N,,N
T401357,,,N,,N
T401358,,,N,,N
T401359,,,N,,N
T401360,,,N,,N
T401361,,,N,,N
T401362,,,N,,N
T401363,,,N,,Y
T401364,,,N,,N
T401365,,,N,,N
T401366,CANCEL,GW-OTHER,N,1999,Y
T401367,,,N,,N
T401368,,,N,,N
T401369,,,N,,Y
T401370,DUP-PAYMENT,DUP-PAYMENT,N,2249,N
T401371,,,N,,Y
T401372,,,N,,Y
T401373,,,N,,N
T401374,,,N,,N
T401375,DOA-REPL,DOA-REPL,N,4249,N
T401376,,,N,,N
T401377,,,N,,Y
T401378,DOA-REPL,GW-OTHER,N,1529,Y
T401379,,,N,,Y
T401380,,,N,,N
T401381,,,N,,N
T401382,,,N,,N
T401383,,,N,,N
T401384,,,N,,N
T401385,,,N,,N
T401386,,,N,,N
T401387,DOA-REPL,DOA-REPL,N,1999,N
T401388,,,N,,Y
T401389,,,N,,N
T401390,,,N,,N
T401391,,,N,,N
T401392,,,N,,Y
T401393,,,N,,Y
T401394,,,N,,N
T401395,,,N,,Y
T401396,DOA-REPL,DOA-REPL,N,2374,Y
T401397,,,N,,N
T401398,,,N,,Y
T401399,LOST-TRANSIT,GW-OTHER,N,6174,N
T401400,,,N,,Y
T401401,,,N,,N
T401402,,,N,,N
T401403,,,N,,N
T401404,,,N,,Y
T401405,,,N,,Y
T401406,,,N,,N
T401407,,,N,,Y
T401408,DOA-REPL,DOA-REPL,N,2374,Y
T401409,,,N,,N
T401410,,,N,,N
T401411,,,N,,N
T401412,,,N,,Y
T401413,,,N,,Y
T401414,,,N,,N
T401415,,,N,,N
T401416,,,N,,N
T401417,,,N,,N
T401418,,,N,,N
T401419,DOA-REPL,GW-OTHER,N,6999,N
T401420,,,N,,N
T401421,,,N,,Y
T401422,,,N,,N
T401423,,,N,,Y
T401424,,,N,,Y
T401425,DOA-REPL,DOA-REPL,N,5599,N
T401426,,,N,,N
T401427,,,N,,Y
T401428,,,N,,N
T401429,,,N,,N
T401430,,,N,,N
T401431,,,N,,Y
T401432,,,N,,N
T401433,,,N,,N
T401434,,,N,,N
T401435,,,N,,Y
T401436,,,N,,N
T401437,,,N,,N
T401438,,,N,,Y
T401439,,,N,,Y
T401440,,,N,,N
T401441,,,N,,Y
T401442,,,N,,N
T401443,,,N,,N
T401444,,,N,,N
T401445,,,N,,Y
T401446,,,N,,N
T401447,,,N,,N
T401448,,,N,,Y
T401449,,,N,,N
T401450,,,N,,Y
T401451,,,N,,N
T401452,,,N,,Y
T401453,,,N,,Y
T401454,,,N,,N
T401455,GW-OTHER,GW-OTHER,N,200,N
T401456,WTY-BUYBACK,WTY-BUYBACK,N,1176,Y
T401457,,,N,,Y
T401458,,,N,,N
T401459,,,N,,N
T401460,GW-OTHER,GW-OTHER,N,500,N
T401461,RETURN-QC-OK,GW-OTHER,N,2499,Y
T401462,,,N,,N
T401463,,,N,,N
T401464,GW-OTHER,GW-OTHER,N,500,N
T401465,,,N,,N
T401466,CANCEL,GW-OTHER,N,2124,N
T401467,GW-OTHER,GW-OTHER,N,500,N
T401468,,,N,,N
T401469,CANCEL,CANCEL,N,6174,N
T401470,,,N,,Y
T401471,,,N,,N
T401472,,,N,,N
T401473,,,N,,N
T401474,,,N,,N
T401475,,,N,,N
T401476,,,N,,N
T401477,,,N,,N
T401478,,,N,,N
T401479,,,N,,N
T401480,,,N,,N
T401481,,,N,,Y
T401482,,,N,,Y
T401483,WTY-BUYBACK,WTY-BUYBACK,N,1725,N
T401484,,,N,,Y
T401485,RETURN-QC-OK,GW-OTHER,N,2499,N
T401486,DOA-REPL,GW-OTHER,N,2249,N
T401487,,,N,,N
T401488,,,N,,Y
T401489,DOA-REPL,GW-OTHER,N,5949,N
T401490,,,N,,N
T401491,PRICE-ADJ,GW-OTHER,N,300,Y
T401492,,,N,,N
T401493,,,N,,N
T401494,,,N,,N
T401495,,,N,,N
T401496,,,N,,Y
T401497,,,N,,N
T401498,,,N,,N
T401499,,,N,,Y
T401500,,,N,,N
T401501,,,N,,Y
T401502,,,N,,N
T401503,,,N,,Y
T401504,,,N,,N
T401505,,,N,,Y
T401506,,,N,,N
T401507,,,N,,N
T401508,,,N,,Y
T401509,,,N,,N
T401510,,,N,,N
T401511,,,N,,N
T401512,,,N,,N
T401513,,,N,,N
T401514,,,N,,Y
T401515,,,N,,Y
T401516,,,N,,Y
T401517,,,N,,N
T401518,LOST-TRANSIT,LOST-TRANSIT,N,6499,N
T401519,,,N,,N
T401520,,,N,,N
T401521,,,N,,N
T401522,,,N,,N
T401523,,,N,,Y
T401524,,,N,,Y
T401525,,,N,,Y
T401526,,,N,,N
T401527,LOST-TRANSIT,LOST-TRANSIT,N,6999,N
T401528,,,N,,N
T401529,,,N,,N
T401530,,,N,,N
T401531,,,N,,Y
T401532,DOA-REPL,GW-OTHER,N,1619,N
T401533,,,N,,N
T401534,,,N,,N
T401535,,,N,,N
T401536,,,N,,N
T401537,,,N,,N
T401538,DOA-REPL,GW-OTHER,N,4999,N
T401539,,,N,,Y
T401540,RETURN-QC-OK,RETURN-QC-OK,N,4249,N
T401541,,,N,,N
T401542,LOST-TRANSIT,GW-OTHER,N,2499,N
T401543,,,N,,Y
T401544,,,N,,N
T401545,,,N,,N
T401546,,,N,,N
T401547,LOST-TRANSIT,LOST-TRANSIT,N,2499,N
T401548,,,N,,N
T401549,,,N,,Y
T401550,DOA-REPL,GW-OTHER,N,6999,N
T401551,DOA-REPL,GW-OTHER,N,5524,N
T401552,,,N,,N
T401553,,,N,,N
T401554,,,N,,N
T401555,,,N,,Y
T401556,,,N,,Y
T401557,,,N,,N
T401558,,,N,,N
T401559,,,N,,Y
T401560,,,N,,N
T401561,,,N,,N
T401562,,,N,,Y
T401563,,,N,,Y
T401564,,,N,,N
T401565,,,N,,N
T401566,,,N,,N
T401567,,,N,,N
T401568,,,N,,Y
T401569,,,N,,N
T401570,,,N,,N
T401571,,,N,,N
T401572,,,N,,N
T401573,WTY-BUYBACK,WTY-BUYBACK,N,1423,N
T401574,,,N,,N
T401575,,,N,,Y
T401576,,,N,,N
T401577,DUP-PAYMENT,DUP-PAYMENT,N,5599,N
T401578,,,N,,N
T401579,,,N,,Y
T401580,,,N,,Y
T401581,,,N,,Y
T401582,,,N,,N
T401583,,,N,,N
T401584,,,N,,Y
T401585,,,N,,Y
T401586,,,N,,Y
T401587,,,N,,N
T401588,,,N,,N
T401589,,,N,,N
T401590,,,N,,N
T401591,,,N,,N
T401592,,,N,,Y
T401593,,,N,,N
T401594,GW-OTHER,GW-OTHER,N,350,N
T401595,,,N,,N
T401596,,,N,,N
T401597,GW-OTHER,GW-OTHER,N,500,Y
T401598,,,N,,Y
T401599,,,N,,Y
T401600,RETURN-QC-OK,GW-OTHER,N,1529,N
T401601,,,N,,N
T401602,,,N,,N
T401603,,,N,,N
T401604,,,N,,N
T401605,,,N,,Y
T401606,,,N,,Y
T401607,,,N,,N
T401608,,,N,,Y
T401609,,,N,,N
T401610,,,N,,N
T401611,,,N,,N
T401612,,,N,,N
T401613,,,N,,N
T401614,,,N,,N
T401615,WTY-BUYBACK,WTY-BUYBACK,N,2951,N
T401616,,,N,,N
T401617,,,N,,Y
T401618,,,N,,Y
T401619,,,N,,N
T401620,,,N,,Y
T401621,,,N,,Y
T401622,,,N,,N
T401623,,,N,,Y
T401624,,,N,,N
T401625,,,N,,N
T401626,,,N,,N
T401627,GW-OTHER,GW-OTHER,N,500,N
T401628,,,N,,Y
T401629,,,N,,N
T401630,,,N,,Y
T401631,,,N,,Y
T401632,,,N,,Y
T401633,,,N,,N
T401634,,,N,,Y
T401635,,,N,,N
T401636,,,N,,N
T401637,,,N,,N
T401638,,,N,,Y
T401639,,,N,,Y
T401640,,,N,,N
T401641,,,N,,Y
T401642,,,N,,Y
T401643,,,N,,N
T401644,,,N,,N
T401645,,,N,,N
T401646,CANCEL,CANCEL,N,2374,Y
T401647,,,N,,N
T401648,,,N,,N
T401649,,,N,,N
T401650,,,N,,N
T401651,,,N,,N
T401652,,,N,,N
T401653,LOST-TRANSIT,GW-OTHER,N,6499,N
T401654,,,N,,Y
T401655,,,N,,N
T401656,,,N,,N
T401657,,,N,,N
T401658,PRICE-ADJ,PRICE-ADJ,N,200,Y
T401659,,,N,,Y
T401660,RETURN-QC-OK,RETURN-QC-OK,N,5099,N
T401661,,,N,,N
T401662,RETURN-QC-OK,GW-OTHER,N,399,N
T401663,RETURN-QC-OK,GW-OTHER,N,5999,N
T401664,,,N,,Y
T401665,,,N,,N
T401666,,,N,,Y
T401667,DOA-REPL,GW-OTHER,N,3499,N
T401668,,,N,,N
T401669,,,N,,N
T401670,,,N,,N
T401671,,,N,,Y
T401672,DOA-REPL,GW-OTHER,N,6998,Y
T401673,,,N,,Y
T401674,,,N,,N
T401675,,,N,,N
T401676,,,N,,N
T401677,,,N,,N
T401678,,,N,,Y
T401679,,,N,,N
T401680,LOST-TRANSIT,LOST-TRANSIT,N,2799,N
T401681,,,N,,N
T401682,,,N,,N
T401683,,,N,,N
T401684,,,N,,N
T401685,LOST-TRANSIT,LOST-TRANSIT,N,3149,N
T401686,RETURN-QC-OK,GW-OTHER,N,1169,Y
T401687,,,N,,N
T401688,GW-OTHER,GW-OTHER,N,200,N
T401689,,,N,,N
T401690,,,N,,Y
T401691,,,N,,N
T401692,GW-OTHER,GW-OTHER,N,350,N
T401693,,,N,,N
T401694,,,N,,N
T401695,,,N,,Y
T401696,,,N,,N
T401697,,,N,,N
T401698,,,N,,N
T401699,,,N,,N
T401700,,,N,,N
T401701,,,N,,N
T401702,,,N,,N
T401703,DOA-REPL,GW-OTHER,N,1169,N
T401704,,,N,,N
T401705,,,N,,Y
T401706,,,N,,N
T401707,,,N,,N
T401708,,,N,,Y
T401709,,,N,,N
T401710,DOA-REPL,DOA-REPL,N,4999,N
T401711,,,N,,N
T401712,,,N,,N
T401713,,,N,,N
T401714,,,N,,N
T401715,,,N,,N
T401716,,,N,,N
T401717,,,N,,N
T401718,,,N,,Y
T401719,,,N,,Y
T401720,,,N,,N
T401721,,,N,,N
T401722,,,N,,N
T401723,,,N,,Y
T401724,,,N,,N
T401725,,,N,,N
T401726,,,N,,N
T401727,,,N,,Y
T401728,,,N,,N
T401729,,,N,,Y
T401730,,,N,,Y
T401731,,,N,,N
T401732,,,N,,N
T401733,,,N,,N
T401734,,,N,,N
T401735,,,N,,N
T401736,,,N,,N
T401737,,,N,,N
T401738,,,N,,Y
T401739,,,N,,Y
T401740,,,N,,Y
T401741,,,N,,N
T401742,,,N,,N
T401743,WTY-BUYBACK,GW-OTHER,N,770,Y
T401744,PRICE-ADJ,GW-OTHER,N,500,N
T401745,,,N,,N
T401746,,,N,,N
T401747,,,N,,N
T401748,,,N,,N
T401749,,,N,,N
T401750,,,N,,N
T401751,DOA-REPL,DOA-REPL,N,3499,N
T401752,,,N,,N
T401753,,,N,,Y
T401754,,,N,,N
T401755,RETURN-QC-OK,RETURN-QC-OK,N,5699,N
T401756,,,N,,N
T401757,,,N,,N
T401758,,,N,,N
T401759,DUP-PAYMENT,GW-OTHER,N,2499,Y
T401760,,,N,,Y
T401761,,,N,,N
T401762,,,N,,N
T401763,,,N,,Y
T401764,,,N,,N
T401765,,,N,,N
T401766,,,N,,Y
T401767,,,N,,N
T401768,CANCEL,CANCEL,N,3998,N
T401769,,,N,,N
T401770,DOA-REPL,GW-OTHER,N,3499,N
T401771,DUP-PAYMENT,DUP-PAYMENT,N,2249,N
T401772,,,N,,Y
T401773,DOA-REPL,GW-OTHER,N,6174,N
T401774,,,N,,N
T401775,PRICE-ADJ,GW-OTHER,N,300,N
T401776,,,N,,N
T401777,,,N,,Y
T401778,,,N,,N
T401779,,,N,,N
T401780,,,N,,Y
T401781,,,N,,Y
T401782,,,N,,N
T401783,,,N,,N
T401784,PRICE-ADJ,GW-OTHER,N,600,Y
T401785,,,N,,N
T401786,,,N,,Y
T401787,,,N,,N
T401788,,,N,,N
T401789,LOST-TRANSIT,LOST-TRANSIT,N,3499,N
T401790,,,N,,N
T401791,,,N,,Y
T401792,,,N,,N
T401793,,,N,,N
T401794,,,N,,N
T401795,,,N,,N
T401796,,,N,,Y
T401797,,,N,,Y
T401798,,,N,,Y
T401799,,,N,,N
T401800,,,N,,N
T401801,,,N,,Y
T401802,PRICE-ADJ,GW-OTHER,N,600,Y
T401803,,,N,,N
T401804,,,N,,Y
T401805,,,N,,N
T401806,,,N,,N
T401807,,,N,,N
T401808,,,N,,Y
T401809,,,N,,N
T401810,,,N,,Y
T401811,,,N,,N
T401812,,,N,,Y
T401813,,,N,,N
T401814,,,N,,N
T401815,,,N,,Y
T401816,,,N,,N
T401817,,,N,,N
T401818,,,N,,Y
T401819,,,N,,Y
T401820,,,N,,N
T401821,,,N,,N
T401822,,,N,,N
T401823,CANCEL,GW-OTHER,N,2799,N
T401824,,,N,,Y
T401825,,,N,,Y
T401826,,,N,,N
T401827,,,N,,N
T401828,,,N,,N
T401829,,,N,,N
T401830,,,N,,N
T401831,,,N,,Y
T401832,,,N,,N
T401833,,,N,,N
T401834,,,N,,N
T401835,,,N,,Y
T401836,,,N,,Y
T401837,,,N,,Y
T401838,,,N,,N
T401839,,,N,,N
T401840,,,N,,N
T401841,,,N,,N
T401842,,,N,,N
T401843,,,N,,Y
T401844,,,N,,N
T401845,,,N,,N
T401846,,,N,,Y
T401847,,,N,,N
T401848,,,N,,N
T401849,,,N,,N
T401850,,,N,,N
T401851,,,N,,Y
T401852,,,N,,N
T401853,,,N,,N
T401854,,,N,,N
T401855,,,N,,N
T401856,,,N,,N
T401857,,,N,,N
T401858,DOA-REPL,GW-OTHER,N,1799,N
T401859,,,N,,N
T401860,,,N,,N
T401861,,,N,,N
T401862,,,N,,N
T401863,,,N,,N
T401864,,,N,,Y
T401865,,,N,,Y
T401866,,,N,,Y
T401867,,,N,,N
T401868,,,N,,Y
T401869,,,N,,N
T401870,DOA-REPL,DOA-REPL,N,3499,Y
T401871,,,N,,Y
T401872,,,N,,Y
T401873,,,N,,N
T401874,,,N,,N
T401875,,,N,,N
T401876,,,N,,Y
T401877,,,N,,N
T401878,,,N,,N
T401879,,,N,,Y
T401880,DOA-REPL,GW-OTHER,N,1709,N
T401881,RETURN-QC-OK,GW-OTHER,N,3499,Y
T401882,,,N,,N
T401883,,,N,,N
T401884,,,N,,N
T401885,,,N,,N
T401886,,,N,,Y
T401887,,,N,,N
T401888,,,N,,N
T401889,,,N,,N
T401890,,,N,,N
T401891,DUP-PAYMENT,GW-OTHER,N,2799,N
T401892,RETURN-QC-OK,RETURN-QC-OK,N,3499,N
T401893,,,N,,N
T401894,,,N,,N
T401895,,,N,,N
T401896,,,N,,N
T401897,,,N,,N
T401898,,,N,,N
T401899,,,N,,N
T401900,,,N,,N
T401901,,,N,,N
T401902,,,N,,N
T401903,,,N,,Y
T401904,,,N,,Y
T401905,RETURN-QC-OK,GW-OTHER,N,1439,Y
T401906,,,N,,N
T401907,,,N,,N
T401908,,,N,,N
T401909,GW-OTHER,GW-OTHER,N,350,Y
T401910,,,N,,N
T401911,,,N,,N
T401912,,,N,,N
T401913,,,N,,Y
T401914,,,N,,Y
T401915,DOA-REPL,GW-OTHER,N,1999,Y
T401916,,,N,,N
T401917,,,N,,N
T401918,,,N,,N
T401919,RETURN-QC-OK,RETURN-QC-OK,N,4249,N
T401920,DOA-REPL,GW-OTHER,N,3499,N
T401921,,,N,,N
T401922,,,N,,Y
T401923,,,N,,N
T401924,,,N,,N
T401925,,,N,,N
T401926,,,N,,N
T401927,,,N,,Y
T401928,,,N,,N
T401929,,,N,,Y
T401930,,,N,,Y
T401931,,,N,,N
T401932,DOA-REPL,GW-OTHER,N,5199,N
T401933,,,N,,Y
T401934,,,N,,Y
T401935,,,N,,Y
T401936,,,N,,N
T401937,,,N,,N
T401938,,,N,,N
T401939,PRICE-ADJ,PRICE-ADJ,N,100,N
T401940,,,N,,Y
T401941,,,N,,Y
T401942,,,N,,N
T401943,,,N,,N
T401944,,,N,,Y
T401945,,,N,,Y
T401946,CANCEL,GW-OTHER,N,3499,N
T401947,CANCEL,CANCEL,N,2799,Y
T401948,,,N,,N
T401949,,,N,,Y
T401950,,,N,,Y
T401951,,,N,,N
T401952,,,N,,Y
T401953,RETURN-QC-OK,RETURN-QC-OK,N,3999,Y
T401954,DOA-REPL,GW-OTHER,N,6998,Y
T401955,DOA-REPL,GW-OTHER,N,6174,N
T401956,,,N,,N
T401957,,,N,,N
T401958,,,N,,N
T401959,,,N,,N
T401960,,,N,,Y
T401961,RETURN-QC-OK,RETURN-QC-OK,N,3499,Y
T401962,,,N,,N
T401963,,,N,,Y
T401964,,,N,,N
T401965,,,N,,N
T401966,,,N,,N
T401967,PRICE-ADJ,PRICE-ADJ,N,500,N
T401968,,,N,,Y
T401969,LOST-TRANSIT,LOST-TRANSIT,N,2499,N
T401970,,,N,,Y
T401971,,,N,,N
T401972,,,N,,N
T401973,,,N,,N
T401974,WTY-BUYBACK,WTY-BUYBACK,N,1467,N
T401975,,,N,,N
T401976,,,N,,N
T401977,,,N,,N
T401978,,,N,,Y
T401979,,,N,,N
T401980,,,N,,N
T401981,,,N,,N
T401982,,,N,,N
T401983,,,N,,N
T401984,,,N,,Y
T401985,,,N,,Y
T401986,,,N,,N
T401987,,,N,,Y
T401988,,,N,,Y
T401989,,,N,,N
T401990,,,N,,N
T401991,,,N,,N
T401992,,,N,,Y
T401993,RETURN-QC-OK,GW-OTHER,N,1799,N
T401994,,,N,,Y
T401995,,,N,,Y
T401996,,,N,,Y
T401997,,,N,,N
T401998,,,N,,N
T401999,,,N,,N
T402000,,,N,,N
T402001,,,N,,N
T402002,,,N,,N
T402003,,,N,,N
T402004,,,N,,N
T402005,,,N,,Y
T402006,,,N,,N
T402007,,,N,,N
T402008,,,N,,N
T402009,,,N,,N
T402010,,,N,,N
T402011,,,N,,N
T402012,LOST-TRANSIT,GW-OTHER,N,3499,N
T402013,,,N,,N
T402014,PRICE-ADJ,GW-OTHER,N,300,N
T402015,DOA-REPL,GW-OTHER,N,4999,N
T402016,,,N,,N
T402017,,,N,,Y
T402018,,,N,,Y
T402019,,,N,,N
T402020,,,N,,N
T402021,RETURN-QC-OK,RETURN-QC-OK,N,3418,N
T402022,,,N,,N
T402023,,,N,,Y
T402024,,,N,,N
T402025,,,N,,N
T402026,,,N,,N
T402027,,,N,,N
T402028,,,N,,Y
T402029,,,N,,N
T402030,,,N,,Y
T402031,,,N,,Y
T402032,,,N,,N
T402033,,,N,,N
T402034,,,N,,Y
T402035,,,N,,N
T402036,,,N,,Y
T402037,,,N,,Y
T402038,,,N,,N
T402039,,,N,,N
T402040,,,N,,N
T402041,,,N,,Y
T402042,,,N,,N
T402043,,,N,,N
T402044,,,N,,Y
T402045,,,N,,N
T402046,RETURN-QC-OK,GW-OTHER,N,2519,Y
T402047,,,N,,N
T402048,,,N,,N
T402049,,,N,,Y
T402050,,,N,,N
T402051,CANCEL,GW-OTHER,N,2799,N
T402052,,,N,,N
T402053,,,N,,Y
T402054,,,N,,Y
T402055,,,N,,N
T402056,,,N,,Y
T402057,,,N,,N
T402058,,,N,,N
T402059,,,N,,Y
T402060,,,N,,N
T402061,DUP-PAYMENT,GW-OTHER,N,5099,N
T402062,,,N,,N
T402063,PRICE-ADJ,GW-OTHER,N,100,N
T402064,,,N,,N
T402065,GW-OTHER,GW-OTHER,N,400,Y
T402066,,,N,,N
T402067,,,N,,N
T402068,,,N,,Y
T402069,,,N,,N
T402070,,,N,,N
T402071,,,N,,Y
T402072,,,N,,Y
T402073,,,N,,Y
T402074,,,N,,Y
T402075,,,N,,N
T402076,,,N,,N
T402077,,,N,,Y
T402078,,,N,,N
T402079,,,N,,N
T402080,,,N,,N
T402081,,,N,,N
T402082,DOA-REPL,GW-OTHER,N,6174,Y
T402083,,,N,,N
T402084,,,N,,Y
T402085,,,N,,Y
T402086,,,N,,Y
T402087,,,N,,N
T402088,,,N,,N
T402089,LOST-TRANSIT,LOST-TRANSIT,N,1104,N
T402090,,,N,,N
T402091,,,N,,N
T402092,CANCEL,GW-OTHER,N,5199,Y
T402093,,,N,,N
T402094,,,N,,Y
T402095,,,N,,N
T402096,,,N,,N
T402097,,,N,,N
T402098,,,N,,N
T402099,DOA-REPL,GW-OTHER,N,1439,N
T402100,,,N,,N
T402101,,,N,,Y
T402102,,,N,,Y
T402103,,,N,,Y
T402104,,,N,,Y
T402105,,,N,,N
T402106,,,N,,Y
T402107,,,N,,N
T402108,,,N,,N
T402109,,,N,,Y
T402110,,,N,,N
T402111,,,N,,N
T402112,DOA-REPL,DOA-REPL,N,1529,N
T402113,,,N,,Y
T402114,,,N,,N
T402115,,,N,,Y
T402116,,,N,,N
T402117,,,N,,Y
T402118,,,N,,N
T402119,,,N,,N
T402120,,,N,,Y
T402121,,,N,,Y
T402122,,,N,,N
T402123,,,N,,N
T402124,,,N,,N
T402125,,,N,,N
T402126,,,N,,N
T402127,,,N,,Y
T402128,,,N,,N
T402129,,,N,,N
T402130,,,N,,Y
T402131,,,N,,Y
T402132,,,N,,Y
T402133,,,N,,N
T402134,,,N,,Y
T402135,DOA-REPL,GW-OTHER,N,1999,N
T402136,,,N,,Y
T402137,,,N,,N
T402138,,,N,,N
T402139,,,N,,N
T402140,,,N,,N
T402141,,,N,,N
T402142,,,N,,N
T402143,,,N,,N
T402144,,,N,,Y
T402145,,,N,,Y
T402146,PRICE-ADJ,GW-OTHER,N,300,Y
T402147,,,N,,N
T402148,LOST-TRANSIT,GW-OTHER,N,3149,N
T402149,,,N,,N
T402150,,,N,,N
T402151,RETURN-QC-OK,GW-OTHER,N,3324,Y
T402152,,,N,,Y
T402153,CANCEL,CANCEL,N,4999,Y
T402154,GW-OTHER,GW-OTHER,N,250,N
T402155,RETURN-QC-OK,GW-OTHER,N,3149,N
T402156,,,N,,N
T402157,DOA-REPL,GW-OTHER,N,6999,Y
T402158,,,N,,N
T402159,DUP-PAYMENT,GW-OTHER,N,1799,N
T402160,DOA-REPL,GW-OTHER,Y,2374,N
T402161,,,N,,N
T402162,GW-OTHER,WTY-BUYBACK,N,250,Y
T402163,,,N,,N
T402164,,,N,,N
T402165,,,N,,Y
T402166,,,N,,N
T402167,RETURN-QC-OK,GW-OTHER,N,1439,Y
T402168,,,N,,N
T402169,LOST-TRANSIT,LOST-TRANSIT,N,2499,Y
T402170,,,N,,Y
T402171,,,N,,N
T402172,,,N,,N
T402173,,,N,,N
T402174,,,N,,N
T402175,RETURN-QC-OK,RETURN-QC-OK,N,2124,N
T402176,,,N,,N
T402177,,,N,,N
T402178,,,N,,Y
T402179,,,N,,N
T402180,,,N,,N
T402181,RETURN-QC-OK,GW-OTHER,N,5129,Y
T402182,,,N,,N
T402183,,,N,,N
T402184,,,N,,Y
T402185,PRICE-ADJ,GW-OTHER,N,600,N
T402186,,,N,,N
T402187,DOA-REPL,GW-OTHER,Y,2124,N
T402188,,,N,,N
T402189,,,N,,Y
T402190,,,N,,Y
T402191,,,N,,N
T402192,CANCEL,CANCEL,N,2499,N
T402193,LOST-TRANSIT,LOST-TRANSIT,N,3499,Y
T402194,CANCEL,GW-OTHER,N,3499,N
T402195,,,N,,N
T402196,,,N,,N
T402197,,,N,,N
T402198,,,N,,N
T402199,LOST-TRANSIT,GW-OTHER,N,13998,N
T402200,,,N,,N
T402201,,,N,,N
T402202,,,N,,N
T402203,,,N,,Y
T402204,DOA-REPL,GW-OTHER,N,1529,Y
T402205,,,N,,Y
T402206,,,N,,Y
T402207,,,N,,N
T402208,,,N,,N
T402209,,,N,,N
T402210,,,N,,N
T402211,,,N,,Y
T402212,,,N,,Y
T402213,,,N,,N
T402214,RETURN-QC-OK,GW-OTHER,N,3324,N
T402215,,,N,,N
T402216,,,N,,N
T402217,PRICE-ADJ,PRICE-ADJ,N,500,N
T402218,,,N,,Y
T402219,RETURN-QC-OK,CANCEL,N,2499,N
T402220,,,N,,N
T402221,LOST-TRANSIT,LOST-TRANSIT,N,3499,N
T402222,,,N,,N
T402223,,,N,,N
T402224,,,N,,N
T402225,,,N,,Y
T402226,,,N,,Y
T402227,RETURN-QC-OK,GW-OTHER,N,3499,N
T402228,,,N,,N
T402229,,,N,,N
T402230,,,N,,Y
T402231,,,N,,N
T402232,WTY-BUYBACK,GW-OTHER,N,1665,N
T402233,,,N,,Y
T402234,,,N,,Y
T402235,,,N,,N
T402236,,,N,,N
T402237,,,N,,Y
T402238,LOST-TRANSIT,GW-OTHER,N,3324,N
T402239,GW-OTHER,GW-OTHER,N,300,N
T402240,,,N,,N
T402241,,,N,,N
T402242,DOA-REPL,GW-OTHER,Y,3149,Y
T402243,,,N,,Y
T402244,,,N,,N
T402245,DOA-REPL,DOA-REPL,N,3324,Y
T402246,DOA-REPL,GW-OTHER,N,5524,N
T402247,,,N,,N
T402248,DOA-REPL,DOA-REPL,N,6174,N
T402249,DOA-REPL,GW-OTHER,Y,1799,N
T402250,,,N,,N
T402251,,,N,,N
T402252,,,N,,Y
T402253,,,N,,N
T402254,,,N,,N
T402255,,,N,,Y
T402256,PRICE-ADJ,GW-OTHER,N,600,N
T402257,,,N,,N
T402258,,,N,,N
T402259,DOA-REPL,DOA-REPL,N,2799,N
T402260,DOA-REPL,GW-OTHER,N,2799,N
T402261,,,N,,Y
T402262,DOA-REPL,GW-OTHER,N,2249,Y
T402263,,,N,,N
T402264,,,N,,N
T402265,,,N,,N
T402266,DOA-REPL,GW-OTHER,N,3324,N
T402267,,,N,,N
T402268,LOST-TRANSIT,GW-OTHER,N,6999,Y
T402269,,,N,,Y
T402270,,,N,,N
T402271,,,N,,N
T402272,,,N,,N
T402273,,,N,,N
T402274,,,N,,Y
T402275,,,N,,N
T402276,GW-OTHER,GW-OTHER,N,300,N
T402277,,,N,,Y
T402278,DUP-PAYMENT,DUP-PAYMENT,N,5849,N
T402279,,,N,,N
T402280,LOST-TRANSIT,LOST-TRANSIT,N,2374,N
T402281,RETURN-QC-OK,GW-OTHER,Y,3499,N
T402282,,,N,,N
T402283,,,N,,N
T402284,DOA-REPL,GW-OTHER,Y,2974,N
T402285,,,N,,N
T402286,,,N,,N
T402287,,,N,,N
T402288,,,N,,N
T402289,,,N,,Y
T402290,,,N,,N
T402291,DOA-REPL,GW-OTHER,Y,2499,N
T402292,,,N,,Y
T402293,,,N,,N
T402294,,,N,,Y
T402295,,,N,,N
T402296,,,N,,N
T402297,,,N,,N
T402298,,,N,,N
T402299,,,N,,N
T402300,RETURN-QC-OK,GW-OTHER,N,2499,N
T402301,RETURN-QC-OK,RETURN-QC-OK,N,2974,N
T402302,,,N,,N
T402303,LOST-TRANSIT,GW-OTHER,N,1999,N
T402304,LOST-TRANSIT,GW-OTHER,N,2499,N
T402305,DOA-REPL,DOA-REPL,N,5999,N
T402306,RETURN-QC-OK,RETURN-QC-OK,N,6999,N
T402307,,,N,,Y
T402308,,,N,,N
T402309,,,N,,Y
T402310,,,N,,N
T402311,,,N,,N
T402312,WTY-BUYBACK,GW-OTHER,N,1150,N
T402313,,,N,,N
T402314,,,N,,N
T402315,,,N,,N
T402316,,,N,,Y
T402317,DOA-REPL,GW-OTHER,N,1499,Y
T402318,DOA-REPL,GW-OTHER,N,2974,Y
T402319,,,N,,N
T402320,DOA-REPL,GW-OTHER,N,3499,Y
T402321,,,N,,N
T402322,,,N,,Y
T402323,,,N,,N
T402324,DUP-PAYMENT,DUP-PAYMENT,N,4249,N
T402325,,,N,,N
T402326,,,N,,N
T402327,,,N,,N
T402328,,,N,,N
T402329,LOST-TRANSIT,LOST-TRANSIT,N,3499,Y
T402330,,,N,,Y
T402331,,,N,,Y
T402332,,,N,,N
T402333,,,N,,N
T402334,,,N,,N
T402335,DOA-REPL,DOA-REPL,N,6999,N
T402336,CANCEL,CANCEL,N,1999,Y
T402337,,,N,,N
T402338,,,N,,Y
T402339,,,N,,N
T402340,,,N,,N
T402341,,,N,,N
T402342,,,N,,Y
T402343,,,N,,N
T402344,,,N,,N
T402345,RETURN-QC-OK,RETURN-QC-OK,N,6998,N
T402346,,,N,,N
T402347,,,N,,Y
T402348,,,N,,N
T402349,,,N,,Y
T402350,RETURN-QC-OK,RETURN-QC-OK,N,13998,N
T402351,,,N,,N
T402352,CANCEL,GW-OTHER,N,2249,Y
T402353,DOA-REPL,DOA-REPL,Y,4499,Y
T402354,,,N,,N
T402355,,,N,,N
T402356,,,N,,N
T402357,DOA-REPL,DOA-REPL,Y,6499,N
T402358,,,N,,N
T402359,,,N,,N
T402360,,,N,,N
T402361,RETURN-QC-OK,GW-OTHER,N,1999,Y
T402362,,,N,,N
T402363,,,N,,N
T402364,,,N,,Y
T402365,,,N,,N
T402366,,,N,,Y
T402367,,,N,,N
T402368,PRICE-ADJ,PRICE-ADJ,N,300,N
T402369,,,N,,N
T402370,,,N,,N
T402371,,,N,,N
T402372,,,N,,N
T402373,DUP-PAYMENT,DUP-PAYMENT,N,3149,Y
T402374,DOA-REPL,GW-OTHER,N,2249,Y
T402375,,,N,,N
T402376,,,N,,Y
T402377,,,N,,Y
T402378,,,N,,N
T402379,,,N,,N
T402380,,,N,,Y
T402381,,,N,,Y
T402382,GW-OTHER,GW-OTHER,N,200,N
T402383,,,N,,Y
T402384,,,N,,N
T402385,RETURN-QC-OK,GW-OTHER,N,2799,N
T402386,,,N,,N
T402387,,,N,,Y
T402388,,,N,,Y
T402389,,,N,,N
T402390,,,N,,Y
T402391,,,N,,N
T402392,,,N,,Y
T402393,PRICE-ADJ,GW-OTHER,N,200,N
T402394,,,N,,N
T402395,,,N,,N
T402396,,,N,,N
T402397,,,N,,Y
T402398,,,N,,N
T402399,,,N,,Y
T402400,,,N,,Y
T402401,,,N,,Y
T402402,,,N,,N
T402403,,,N,,N
T402404,,,N,,N
T402405,,,N,,Y
T402406,,,N,,Y
T402407,,,N,,N
T402408,,,N,,N
T402409,,,N,,N
T402410,,,N,,N
T402411,,,N,,N
T402412,,,N,,Y
T402413,,,N,,Y
T402414,,,N,,N
T402415,,,N,,N
T402416,,,N,,N
T402417,,,N,,Y
T402418,,,N,,N
T402419,,,N,,Y
T402420,,,N,,N
T402421,,,N,,N
T402422,,,N,,N
T402423,,,N,,N
T402424,,,N,,N
T402425,,,N,,N
T402426,,,N,,Y
T402427,,,N,,N
T402428,,,N,,N
T402429,,,N,,N
T402430,,,N,,N
T402431,,,N,,N
T402432,,,N,,N
T402433,,,N,,N
T402434,,,N,,N
T402435,CANCEL,GW-OTHER,N,2799,N
T402436,CANCEL,CANCEL,N,3324,N
T402437,WTY-BUYBACK,WTY-BUYBACK,N,1320,Y
T402438,,,N,,Y
T402439,,,N,,N
T402440,RETURN-QC-OK,GW-OTHER,N,2374,N
T402441,,,N,,N
T402442,,,N,,N
T402443,,,N,,N
T402444,,,N,,N
T402445,,,N,,N
T402446,,,N,,N
T402447,,,N,,N
T402448,,,N,,Y
T402449,,,N,,N
T402450,,,N,,Y
T402451,,,N,,Y
T402452,,,N,,Y
T402453,,,N,,N
T402454,,,N,,N
T402455,,,N,,Y
T402456,,,N,,N
T402457,,,N,,Y
T402458,,,N,,N
T402459,,,N,,Y
T402460,,,N,,N
T402461,,,N,,N
T402462,,,N,,Y
T402463,,,N,,N
T402464,,,N,,N
T402465,,,N,,Y
T402466,,,N,,N
T402467,,,N,,N
T402468,,,N,,N
T402469,,,N,,N
T402470,,,N,,N
T402471,GW-OTHER,GW-OTHER,N,250,Y
T402472,,,N,,N
T402473,,,N,,N
T402474,,,N,,N
T402475,DOA-REPL,GW-OTHER,N,4249,N
T402476,,,N,,Y
T402477,,,N,,N
T402478,,,N,,N
T402479,DOA-REPL,GW-OTHER,N,1619,Y
T402480,,,N,,Y
T402481,,,N,,N
T402482,,,N,,Y
T402483,,,N,,N
T402484,,,N,,Y
T402485,RETURN-QC-OK,GW-OTHER,N,6299,N
T402486,,,N,,N
T402487,,,N,,Y
T402488,,,N,,Y
T402489,,,N,,Y
T402490,,,N,,N
T402491,,,N,,N
T402492,,,N,,N
T402493,,,N,,Y
T402494,,,N,,Y
T402495,,,N,,Y
T402496,,,N,,N
T402497,,,N,,N
T402498,,,N,,N
T402499,,,N,,Y
T402500,,,N,,N
T402501,,,N,,N
T402502,,,N,,N
T402503,,,N,,N
T402504,,,N,,Y
T402505,,,N,,Y
T402506,,,N,,Y
T402507,,,N,,N
T402508,,,N,,N
T402509,,,N,,Y
T402510,,,N,,Y
T402511,,,N,,Y
T402512,,,N,,Y
T402513,,,N,,N
T402514,RETURN-QC-OK,GW-OTHER,N,2799,Y
T402515,,,N,,N
T402516,WTY-BUYBACK,WTY-BUYBACK,N,3397,N
T402517,,,N,,N
T402518,RETURN-QC-OK,GW-OTHER,N,1299,N
T402519,,,N,,N
T402520,,,N,,N
T402521,,,N,,N
T402522,,,N,,N
T402523,,,N,,N
T402524,,,N,,N
T402525,,,N,,N
T402526,,,N,,N
T402527,,,N,,N
T402528,,,N,,Y
T402529,,,N,,N
T402530,,,N,,N
T402531,,,N,,N
T402532,,,N,,N
T402533,,,N,,Y
T402534,,,N,,Y
T402535,,,N,,N
T402536,,,N,,N
T402537,,,N,,Y
T402538,RETURN-QC-OK,GW-OTHER,N,2249,N
T402539,,,N,,N
T402540,,,N,,N
T402541,CANCEL,GW-OTHER,N,1499,N
T402542,,,N,,N
T402543,,,N,,N
T402544,,,N,,N
T402545,,,N,,N
T402546,,,N,,N
T402547,,,N,,N
T402548,,,N,,Y
T402549,,,N,,N
T402550,,,N,,Y
T402551,DOA-REPL,GW-OTHER,Y,2974,N
T402552,,,N,,N
T402553,,,N,,N
T402554,,,N,,Y
T402555,,,N,,Y
T402556,,,N,,N
T402557,,,N,,N
T402558,GW-OTHER,GW-OTHER,N,500,N
T402559,,,N,,N
T402560,,,N,,Y
T402561,,,N,,N
T402562,,,N,,N
T402563,,,N,,N
T402564,,,N,,N
T402565,DOA-REPL,GW-OTHER,N,3499,N
T402566,,,N,,Y
T402567,DOA-REPL,GW-OTHER,N,2974,N
T402568,,,N,,N
T402569,,,N,,Y
T402570,,,N,,N
T402571,,,N,,N
T402572,,,N,,Y
T402573,,,N,,N
T402574,,,N,,Y
T402575,PRICE-ADJ,GW-OTHER,N,600,N
T402576,,,N,,N
T402577,,,N,,N
T402578,PRICE-ADJ,PRICE-ADJ,N,500,Y
T402579,,,N,,N
T402580,LOST-TRANSIT,GW-OTHER,N,6174,Y
T402581,,,N,,N
T402582,,,N,,Y
T402583,,,N,,N
T402584,,,N,,N
T402585,,,N,,N
T402586,,,N,,N
T402587,,,N,,N
T402588,,,N,,Y
T402589,,,N,,N
T402590,,,N,,Y
T402591,,,N,,N
T402592,,,N,,Y
T402593,RETURN-QC-OK,GW-OTHER,N,1999,Y
T402594,DOA-REPL,DOA-REPL,N,1299,N
T402595,,,N,,N
T402596,,,N,,Y
T402597,CANCEL,GW-OTHER,N,2974,Y
T402598,,,N,,Y
T402599,,,N,,Y
T402600,,,N,,N
T402601,,,N,,N
T402602,GW-OTHER,GW-OTHER,N,300,N
T402603,,,N,,Y
T402604,,,N,,N
T402605,,,N,,N
T402606,,,N,,N
T402607,,,N,,Y
T402608,,,N,,N
T402609,,,N,,Y
T402610,,,N,,Y
T402611,,,N,,N
T402612,,,N,,N
T402613,,,N,,N
T402614,,,N,,N
T402615,,,N,,Y
T402616,,,N,,N
T402617,,,N,,N
T402618,,,N,,N
T402619,,,N,,N
T402620,,,N,,N
T402621,,,N,,N
T402622,,,N,,N
T402623,,,N,,N
T402624,,,N,,N
T402625,,,N,,N
T402626,,,N,,Y
T402627,,,N,,N
T402628,,,N,,N
T402629,,,N,,N
T402630,,,N,,N
T402631,,,N,,N
T402632,,,N,,N
T402633,,,N,,N
T402634,,,N,,N
T402635,,,N,,N
T402636,PRICE-ADJ,PRICE-ADJ,N,200,N
T402637,,,N,,N
T402638,,,N,,N
T402639,,,N,,N
T402640,,,N,,N
T402641,,,N,,N
T402642,,,N,,N
T402643,GW-OTHER,GW-OTHER,N,400,N
T402644,,,N,,N
T402645,,,N,,Y
T402646,,,N,,N
T402647,,,N,,N
T402648,,,N,,N
T402649,,,N,,Y
T402650,,,N,,N
T402651,,,N,,N
T402652,,,N,,N
T402653,,,N,,N
T402654,DOA-REPL,DOA-REPL,N,3999,N
T402655,,,N,,N
T402656,,,N,,N
T402657,,,N,,Y
T402658,,,N,,N
T402659,PRICE-ADJ,GW-OTHER,N,300,Y
T402660,DOA-REPL,DOA-REPL,N,2974,N
T402661,,,N,,Y
T402662,,,N,,N
T402663,,,N,,N
T402664,,,N,,Y
T402665,,,N,,Y
T402666,,,N,,N
T402667,,,N,,Y
T402668,,,N,,Y
T402669,,,N,,N
T402670,,,N,,N
T402671,,,N,,Y
T402672,,,N,,N
T402673,,,N,,Y
T402674,,,N,,Y
T402675,,,N,,N
T402676,,,N,,N
T402677,,,N,,N
T402678,,,N,,Y
T402679,,,N,,N
T402680,,,N,,Y
T402681,GW-OTHER,GW-OTHER,N,200,N
T402682,,,N,,Y
T402683,,,N,,N
T402684,,,N,,Y
T402685,,,N,,N
T402686,DOA-REPL,GW-OTHER,N,5849,N
T402687,,,N,,Y
T402688,DOA-REPL,DOA-REPL,N,6499,Y
T402689,,,N,,Y
T402690,,,N,,N
T402691,,,N,,Y
T402692,,,N,,N
T402693,,,N,,N
T402694,,,N,,Y
T402695,,,N,,Y
T402696,,,N,,Y
T402697,,,N,,N
T402698,,,N,,N
T402699,,,N,,Y
T402700,,,N,,N
T402701,,,N,,Y
T402702,,,N,,N
T402703,,,N,,N
T402704,,,N,,N
T402705,,,N,,N
T402706,,,N,,N
T402707,,,N,,N
T402708,,,N,,N
T402709,,,N,,N
T402710,,,N,,N
T402711,,,N,,N
T402712,,,N,,Y
T402713,,,N,,N
T402714,,,N,,N
T402715,GW-OTHER,GW-OTHER,N,1000,Y
T402716,,,N,,N
T402717,DOA-REPL,DOA-REPL,N,2799,Y
T402718,,,N,,Y
T402719,,,N,,N
T402720,,,N,,N
T402721,,,N,,Y
T402722,,,N,,Y
T402723,DUP-PAYMENT,DUP-PAYMENT,N,2799,N
T402724,,,N,,Y
T402725,,,N,,N
T402726,,,N,,N
T402727,,,N,,N
T402728,,,N,,Y
T402729,,,N,,N
T402730,,,N,,N
T402731,,,N,,Y
T402732,,,N,,N
T402733,,,N,,Y
T402734,,,N,,N
T402735,,,N,,N
T402736,LOST-TRANSIT,GW-OTHER,N,1169,Y
T402737,,,N,,N
T402738,,,N,,N
T402739,,,N,,N
T402740,DOA-REPL,GW-OTHER,Y,5999,Y
T402741,PRICE-ADJ,GW-OTHER,N,750,N
T402742,,,N,,N
T402743,,,N,,N
T402744,,,N,,Y
T402745,DOA-REPL,GW-OTHER,N,11898,N
T402746,,,N,,N
T402747,,,N,,N
T402748,,,N,,N
T402749,,,N,,N
T402750,,,N,,N
T402751,,,N,,N
T402752,,,N,,N
T402753,DUP-PAYMENT,DUP-PAYMENT,N,1709,N
T402754,,,N,,N
T402755,,,N,,N
T402756,,,N,,N
T402757,,,N,,N
T402758,,,N,,N
T402759,,,N,,Y
T402760,,,N,,N
T402761,DOA-REPL,GW-OTHER,N,2799,N
T402762,PRICE-ADJ,PRICE-ADJ,N,600,Y
T402763,,,N,,Y
T402764,RETURN-QC-OK,GW-OTHER,Y,2374,N
T402765,DOA-REPL,GW-OTHER,N,1999,N
T402766,,,N,,N
T402767,,,N,,N
T402768,,,N,,N
T402769,,,N,,N
T402770,,,N,,N
T402771,LOST-TRANSIT,LOST-TRANSIT,N,4749,Y
T402772,,,N,,N
T402773,,,N,,N
T402774,,,N,,Y
T402775,RETURN-QC-OK,GW-OTHER,N,1538,N
T402776,,,N,,N
T402777,,,N,,Y
T402778,,,N,,N
T402779,,,N,,N
T402780,,,N,,N
T402781,,,N,,N
T402782,,,N,,N
T402783,,,N,,N
T402784,,,N,,N
T402785,,,N,,N
T402786,,,N,,N
T402787,,,N,,N
T402788,,,N,,N
T402789,,,N,,N
T402790,,,N,,Y
T402791,,,N,,N
T402792,,,N,,Y
T402793,GW-OTHER,GW-OTHER,N,200,N
T402794,,,N,,N
T402795,,,N,,Y
T402796,,,N,,N
T402797,,,N,,N
T402798,DUP-PAYMENT,DUP-PAYMENT,N,3499,N
T402799,,,N,,N
T402800,,,N,,Y
T402801,,,N,,Y
T402802,,,N,,N
T402803,DOA-REPL,DOA-REPL,N,1999,Y
T402804,DOA-REPL,GW-OTHER,N,2799,N
T402805,,,N,,N
T402806,GW-OTHER,GW-OTHER,N,400,N
T402807,,,N,,N
T402808,,,N,,N
T402809,,,N,,N
T402810,,,N,,N
T402811,DOA-REPL,GW-OTHER,N,3499,Y
T402812,,,N,,N
T402813,,,N,,Y
T402814,,,N,,N
T402815,,,N,,Y
T402816,CANCEL,GW-OTHER,N,3499,N
T402817,GW-OTHER,GW-OTHER,N,150,N
T402818,DUP-PAYMENT,DUP-PAYMENT,N,5399,Y
T402819,,,N,,Y
T402820,,,N,,N
T402821,DOA-REPL,DOA-REPL,N,2974,Y
T402822,,,N,,N
T402823,,,N,,Y
T402824,,,N,,N
T402825,,,N,,N
T402826,DOA-REPL,GW-OTHER,N,2799,Y
T402827,GW-OTHER,DOA-REPL,N,500,N
T402828,CANCEL,GW-OTHER,N,1104,N
T402829,DOA-REPL,DOA-REPL,N,2499,N
T402830,DUP-PAYMENT,DUP-PAYMENT,N,1799,N
T402831,,,N,,Y
T402832,,,N,,Y
T402833,,,N,,Y
T402834,,,N,,Y
T402835,,,N,,N
T402836,,,N,,N
T402837,,,N,,N
T402838,,,N,,N
T402839,,,N,,N
T402840,,,N,,N
T402841,,,N,,Y
T402842,,,N,,N
T402843,,,N,,N
T402844,DOA-REPL,GW-OTHER,Y,2499,Y
T402845,,,N,,N
T402846,DUP-PAYMENT,CANCEL,N,1499,Y
T402847,,,N,,N
T402848,DUP-PAYMENT,GW-OTHER,N,5599,N
T402849,,,N,,Y
T402850,,,N,,N
T402851,,,N,,N
T402852,,,N,,N
T402853,DOA-REPL,GW-OTHER,N,3499,N
T402854,,,N,,N
T402855,DOA-REPL,GW-OTHER,Y,1234,N
T402856,,,N,,N
T402857,,,N,,N
T402858,,,N,,N
T402859,,,N,,N
T402860,,,N,,Y
T402861,,,N,,N
T402862,,,N,,Y
T402863,LOST-TRANSIT,LOST-TRANSIT,N,2499,N
T402864,,,N,,Y
T402865,,,N,,N
T402866,RETURN-QC-OK,GW-OTHER,Y,1799,N
T402867,PRICE-ADJ,GW-OTHER,N,500,N
T402868,DOA-REPL,GW-OTHER,Y,4249,Y
T402869,,,N,,N
T402870,DUP-PAYMENT,DUP-PAYMENT,N,5699,N
T402871,,,N,,N
T402872,RETURN-QC-OK,GW-OTHER,N,5948,Y
T402873,,,N,,Y
T402874,,,N,,Y
T402875,,,N,,N
T402876,,,N,,Y
T402877,,,N,,Y
T402878,DOA-REPL,DOA-REPL,N,5949,Y
T402879,PRICE-ADJ,GW-OTHER,N,100,N
T402880,,,N,,N
T402881,,,N,,N
T402882,,,N,,N
T402883,,,N,,N
T402884,,,N,,N
T402885,DOA-REPL,GW-OTHER,N,6998,N
T402886,,,N,,N
T402887,,,N,,Y
T402888,,,N,,Y
T402889,,,N,,Y
T402890,,,N,,N
T402891,,,N,,N
T402892,,,N,,Y
T402893,,,N,,Y
T402894,,,N,,N
T402895,,,N,,N
T402896,,,N,,Y
T402897,LOST-TRANSIT,GW-OTHER,N,1799,Y
T402898,,,N,,N
T402899,,,N,,N
T402900,RETURN-QC-OK,GW-OTHER,N,3499,N
T402901,PRICE-ADJ,GW-OTHER,N,300,N
T402902,,,N,,Y
T402903,,,N,,N
T402904,,,N,,N
T402905,,,N,,N
T402906,,,N,,N
T402907,,,N,,N
T402908,,,N,,N
T402909,,,N,,Y
T402910,WTY-BUYBACK,WTY-BUYBACK,N,1478,Y
T402911,,,N,,N
T402912,,,N,,N
T402913,,,N,,Y
T402914,,,N,,Y
T402915,,,N,,N
T402916,CANCEL,CANCEL,N,3499,N
T402917,,,N,,Y
T402918,,,N,,Y
T402919,,,N,,Y
T402920,,,N,,N
T402921,,,N,,N
T402922,,,N,,Y
T402923,,,N,,N
T402924,,,N,,N
T402925,DOA-REPL,GW-OTHER,Y,2974,N
T402926,,,N,,Y
T402927,RETURN-QC-OK,RETURN-QC-OK,N,3324,Y
T402928,,,N,,N
T402929,,,N,,Y
T402930,,,N,,Y
T402931,,,N,,Y
T402932,DOA-REPL,GW-OTHER,N,2974,N
T402933,,,N,,Y
T402934,,,N,,N
T402935,,,N,,N
T402936,,,N,,N
T402937,,,N,,N
T402938,,,N,,Y
T402939,,,N,,Y
T402940,,,N,,Y
T402941,,,N,,N
T402942,GW-OTHER,GW-OTHER,N,150,N
T402943,,,N,,Y
T402944,,,N,,N
T402945,,,N,,N
T402946,,,N,,N
T402947,,,N,,Y
T402948,,,N,,Y
T402949,DOA-REPL,DOA-REPL,N,5524,N
T402950,,,N,,N
T402951,,,N,,N
T402952,,,N,,Y
T402953,,,N,,N
T402954,,,N,,N
T402955,,,N,,N
T402956,PRICE-ADJ,GW-OTHER,N,750,N
T402957,CANCEL,CANCEL,N,3499,N
T402958,,,N,,Y
T402959,,,N,,N
T402960,,,N,,N
T402961,,,N,,N
T402962,,,N,,N
T402963,,,N,,Y
T402964,,,N,,N
T402965,,,N,,N
T402966,,,N,,N
T402967,,,N,,N
T402968,,,N,,N
T402969,,,N,,Y
T402970,,,N,,N
T402971,,,N,,Y
T402972,,,N,,N
T402973,,,N,,Y
T402974,GW-OTHER,GW-OTHER,N,400,Y
T402975,RETURN-QC-OK,GW-OTHER,Y,2124,N
T402976,DOA-REPL,GW-OTHER,N,2078,Y
T402977,,,N,,N
T402978,,,N,,Y
T402979,,,N,,Y
T402980,,,N,,N
T402981,,,N,,N
T402982,,,N,,N
T402983,,,N,,Y
T402984,DUP-PAYMENT,DUP-PAYMENT,N,2499,N
T402985,DOA-REPL,DOA-REPL,N,3499,N
T402986,,,N,,N
T402987,,,N,,N
T402988,,,N,,Y
T402989,,,N,,Y
T402990,,,N,,Y
T402991,,,N,,N
T402992,,,N,,N
T402993,,,N,,N
T402994,DOA-REPL,GW-OTHER,N,1299,Y
T402995,RETURN-QC-OK,GW-OTHER,N,2024,N
T402996,,,N,,N
T402997,,,N,,N
T402998,,,N,,Y
T402999,,,N,,Y
T403000,,,N,,N
T403001,,,N,,Y
T403002,,,N,,Y
T403003,,,N,,Y
T403004,,,N,,Y
T403005,,,N,,N
T403006,,,N,,N
T403007,DOA-REPL,GW-OTHER,Y,3149,N
T403008,,,N,,Y
T403009,DOA-REPL,GW-OTHER,N,5199,N
T403010,,,N,,N
T403011,DOA-REPL,DOA-REPL,N,3149,Y
T403012,,,N,,N
T403013,,,N,,N
T403014,,,N,,N
T403015,,,N,,Y
T403016,DOA-REPL,DOA-REPL,N,2974,N
T403017,,,N,,Y
T403018,,,N,,Y
T403019,,,N,,Y
T403020,GW-OTHER,GW-OTHER,N,500,Y
T403021,,,N,,Y
T403022,,,N,,N
T403023,DOA-REPL,GW-OTHER,N,1999,Y
T403024,DUP-PAYMENT,DUP-PAYMENT,N,3324,N
T403025,,,N,,Y
T403026,DOA-REPL,DOA-REPL,Y,1709,Y
T403027,,,N,,N
T403028,LOST-TRANSIT,GW-OTHER,N,1999,N
T403029,,,N,,N
T403030,,,N,,N
T403031,,,N,,N
T403032,,,N,,N
T403033,LOST-TRANSIT,LOST-TRANSIT,N,1799,Y
T403034,,,N,,Y
T403035,DOA-REPL,DOA-REPL,N,3499,N
T403036,,,N,,N
T403037,,,N,,N
T403038,,,N,,N
T403039,,,N,,Y
T403040,,,N,,N
T403041,,,N,,Y
T403042,,,N,,N
T403043,DOA-REPL,GW-OTHER,N,2799,Y
T403044,,,N,,Y
T403045,DOA-REPL,GW-OTHER,N,3499,N
T403046,,,N,,N
T403047,,,N,,N
T403048,,,N,,N
T403049,,,N,,N
T403050,,,N,,N
T403051,GW-OTHER,GW-OTHER,N,500,Y
T403052,CANCEL,GW-OTHER,N,2249,Y
T403053,,,N,,N
T403054,,,N,,N
T403055,,,N,,N
T403056,,,N,,N
T403057,,,N,,N
T403058,,,N,,N
T403059,,,N,,N
T403060,,,N,,Y
T403061,,,N,,Y
T403062,,,N,,Y
T403063,,,N,,Y
T403064,RETURN-QC-OK,GW-OTHER,N,1619,Y
T403065,,,N,,Y
T403066,,,N,,Y
T403067,,,N,,Y
T403068,,,N,,N
T403069,DOA-REPL,DOA-REPL,N,1234,N
T403070,,,N,,Y
T403071,,,N,,N
T403072,GW-OTHER,GW-OTHER,N,300,N
T403073,,,N,,N
T403074,LOST-TRANSIT,GW-OTHER,N,3324,Y
T403075,LOST-TRANSIT,LOST-TRANSIT,N,3999,N
T403076,DOA-REPL,GW-OTHER,N,3499,N
T403077,,,N,,N
T403078,,,N,,Y
T403079,DOA-REPL,DOA-REPL,N,3499,N
T403080,LOST-TRANSIT,GW-OTHER,N,1799,N
T403081,,,N,,N
T403082,RETURN-QC-OK,GW-OTHER,N,5949,N
T403083,,,N,,N
T403084,,,N,,Y
T403085,,,N,,N
T403086,,,N,,Y
T403087,,,N,,N
T403088,,,N,,Y
T403089,RETURN-QC-OK,GW-OTHER,N,2499,Y
T403090,,,N,,N
T403091,,,N,,N
T403092,PRICE-ADJ,GW-OTHER,N,500,N
T403093,LOST-TRANSIT,LOST-TRANSIT,N,4999,Y
T403094,,,N,,Y
T403095,,,N,,N
T403096,,,N,,N
T403097,,,N,,N
T403098,,,N,,N
T403099,,,N,,Y
T403100,DOA-REPL,GW-OTHER,N,3149,N
T403101,,,N,,N
T403102,DOA-REPL,GW-OTHER,N,2799,N
T403103,,,N,,N
T403104,DOA-REPL,GW-OTHER,N,4999,N
T403105,,,N,,N
T403106,,,N,,Y
T403107,RETURN-QC-OK,GW-OTHER,Y,4498,Y
T403108,LOST-TRANSIT,GW-OTHER,N,2974,N
T403109,,,N,,N
T403110,,,N,,Y
T403111,,,N,,Y
T403112,LOST-TRANSIT,LOST-TRANSIT,Y,1999,Y
T403113,DOA-REPL,GW-OTHER,N,6649,Y
T403114,DOA-REPL,DOA-REPL,N,3149,N
T403115,LOST-TRANSIT,GW-OTHER,Y,3998,N
T403116,DOA-REPL,GW-OTHER,N,3149,N
T403117,,,N,,Y
T403118,,,N,,N
T403119,,,N,,N
T403120,,,N,,N
T403121,,,N,,Y
T403122,,,N,,Y
T403123,,,N,,N
T403124,,,N,,Y
T403125,DOA-REPL,DOA-REPL,N,3499,Y
T403126,,,N,,N
T403127,,,N,,N
T403128,LOST-TRANSIT,LOST-TRANSIT,N,3324,Y
T403129,RETURN-QC-OK,GW-OTHER,N,2024,N
T403130,,,N,,N
T403131,,,N,,N
T403132,,,N,,N
T403133,,,N,,N
T403134,,,N,,Y
T403135,,,N,,N
T403136,,,N,,N
T403137,,,N,,N
T403138,,,N,,Y
T403139,,,N,,N
T403140,,,N,,N
T403141,,,N,,Y
T403142,,,N,,N
T403143,,,N,,N
T403144,,,N,,N
T403145,,,N,,N
T403146,,,N,,N
T403147,,,N,,N
T403148,,,N,,Y
T403149,,,N,,N
T403150,,,N,,N
T403151,RETURN-QC-OK,GW-OTHER,N,6648,N
T403152,,,N,,N
T403153,DOA-REPL,GW-OTHER,N,2799,Y
T403154,,,N,,N
T403155,,,N,,N
T403156,,,N,,N
T403157,,,N,,Y
T403158,,,N,,N
T403159,,,N,,N
T403160,,,N,,N
T403161,,,N,,N
T403162,,,N,,N
T403163,GW-OTHER,GW-OTHER,N,400,Y
T403164,,,N,,N
T403165,,,N,,N
T403166,LOST-TRANSIT,GW-OTHER,Y,3499,N
T403167,,,N,,Y
T403168,GW-OTHER,GW-OTHER,N,500,N
T403169,,,N,,N
T403170,,,N,,Y
T403171,CANCEL,GW-OTHER,N,1709,Y
T403172,CANCEL,GW-OTHER,N,3324,Y
T403173,,,N,,Y
T403174,,,N,,N
T403175,DOA-REPL,GW-OTHER,N,3149,N
T403176,,,N,,Y
T403177,,,N,,N
T403178,LOST-TRANSIT,LOST-TRANSIT,N,3499,N
T403179,,,N,,N
T403180,CANCEL,GW-OTHER,N,4999,N
T403181,,,N,,N
T403182,,,N,,N
T403183,,,N,,N
T403184,,,N,,N
T403185,,,N,,N
T403186,,,N,,N
T403187,,,N,,Y
T403188,,,N,,N
T403189,,,N,,Y
T403190,,,N,,N
T403191,,,N,,N
T403192,DOA-REPL,GW-OTHER,N,6998,Y
T403193,,,N,,Y
T403194,,,N,,Y
T403195,DOA-REPL,GW-OTHER,N,3499,N
T403196,RETURN-QC-OK,GW-OTHER,N,5199,N
T403197,,,N,,N
T403198,,,N,,N
T403199,GW-OTHER,GW-OTHER,N,400,Y
T403200,,,N,,Y
T403201,,,N,,N
T403202,,,N,,N
T403203,,,N,,N
T403204,,,N,,N
T403205,,,N,,Y
T403206,,,N,,N
T403207,DOA-REPL,GW-OTHER,Y,5699,N
T403208,,,N,,N
T403209,,,N,,Y
T403210,,,N,,Y
T403211,LOST-TRANSIT,GW-OTHER,N,2499,N
T403212,DOA-REPL,GW-OTHER,N,3149,N
T403213,DOA-REPL,GW-OTHER,N,2799,N
T403214,DOA-REPL,PRICE-ADJ,N,1439,Y
T403215,,,N,,N
T403216,DOA-REPL,GW-OTHER,N,4249,Y
T403217,,,N,,Y
T403218,DOA-REPL,DOA-REPL,Y,3499,Y
T403219,,,N,,N
T403220,,,N,,N
T403221,,,N,,N
T403222,,,N,,N
T403223,,,N,,N
T403224,,,N,,Y
T403225,,,N,,N
T403226,,,N,,Y
T403227,,,N,,N
T403228,GW-OTHER,GW-OTHER,N,300,Y
T403229,RETURN-QC-OK,RETURN-QC-OK,N,5599,N
T403230,PRICE-ADJ,GW-OTHER,N,500,N
T403231,,,N,,N
T403232,,,N,,Y
T403233,,,N,,Y
T403234,,,N,,N
T403235,LOST-TRANSIT,LOST-TRANSIT,N,10798,N
T403236,PRICE-ADJ,GW-OTHER,N,100,N
T403237,,,N,,N
T403238,DOA-REPL,DOA-REPL,Y,3499,N
T403239,,,N,,N
T403240,DUP-PAYMENT,DUP-PAYMENT,N,2974,N
T403241,,,N,,N
T403242,,,N,,N
T403243,,,N,,Y
T403244,CANCEL,GW-OTHER,N,2499,Y
T403245,,,N,,Y
T403246,,,N,,Y
T403247,,,N,,N
T403248,RETURN-QC-OK,RETURN-QC-OK,N,3499,Y
T403249,CANCEL,CANCEL,N,6499,N
T403250,,,N,,Y
T403251,,,N,,N
T403252,PRICE-ADJ,GW-OTHER,N,500,N
T403253,,,N,,N
T403254,DOA-REPL,GW-OTHER,N,6648,Y
T403255,GW-OTHER,GW-OTHER,N,150,Y
T403256,,,N,,N
T403257,CANCEL,CANCEL,N,3499,N
T403258,,,N,,N
T403259,WTY-BUYBACK,WTY-BUYBACK,N,1619,N
T403260,,,N,,Y
T403261,DOA-REPL,DOA-REPL,Y,3499,N
T403262,,,N,,N
T403263,,,N,,N
T403264,,,N,,N
T403265,,,N,,N
T403266,,,N,,Y
T403267,,,N,,N
T403268,,,N,,N
T403269,,,N,,N
T403270,DUP-PAYMENT,DUP-PAYMENT,N,6649,N
T403271,,,N,,Y
T403272,,,N,,Y
T403273,,,N,,Y
T403274,,,N,,N
T403275,PRICE-ADJ,GW-OTHER,N,500,N
T403276,,,N,,N
T403277,,,N,,N
T403278,DOA-REPL,GW-OTHER,N,6998,N
T403279,,,N,,Y
T403280,,,N,,Y
T403281,LOST-TRANSIT,DOA-REPL,N,2974,Y
T403282,,,N,,N
T403283,,,N,,N
T403284,DOA-REPL,GW-OTHER,N,1234,N
T403285,,,N,,Y
T403286,,,N,,N
T403287,,,N,,N
T403288,,,N,,N
T403289,,,N,,Y
T403290,,,N,,N
T403291,,,N,,N
T403292,,,N,,N
T403293,,,N,,N
T403294,,,N,,N
T403295,,,N,,Y
T403296,,,N,,Y
T403297,,,N,,N
T403298,DOA-REPL,GW-OTHER,N,3499,Y
T403299,,,N,,N
T403300,DOA-REPL,GW-OTHER,Y,3324,N
T403301,,,N,,N
T403302,,,N,,N
T403303,RETURN-QC-OK,GW-OTHER,Y,3499,Y
T403304,DOA-REPL,DOA-REPL,N,5598,N
T403305,RETURN-QC-OK,GW-OTHER,Y,2499,Y
T403306,,,N,,N
T403307,,,N,,N
T403308,LOST-TRANSIT,GW-OTHER,N,1709,N
T403309,CANCEL,GW-OTHER,N,2499,N
T403310,,,N,,Y
T403311,,,N,,Y
T403312,,,N,,N
T403313,,,N,,Y
T403314,,,N,,Y
T403315,WTY-BUYBACK,GW-OTHER,N,3201,N
T403316,,,N,,N
T403317,DOA-REPL,GW-OTHER,N,3499,N
T403318,,,N,,N
T403319,,,N,,N
T403320,,,N,,N
T403321,,,N,,Y
T403322,,,N,,N
T403323,,,N,,N
T403324,RETURN-QC-OK,GW-OTHER,N,3149,N
T403325,,,N,,N
T403326,DOA-REPL,DOA-REPL,N,6648,Y
T403327,,,N,,N
T403328,DOA-REPL,GW-OTHER,N,3324,N
T403329,,,N,,N
T403330,PRICE-ADJ,GW-OTHER,N,500,N
T403331,,,N,,N
T403332,DOA-REPL,DOA-REPL,N,3499,N
T403333,DUP-PAYMENT,DUP-PAYMENT,N,2974,N
T403334,,,N,,N
T403335,,,N,,N
T403336,,,N,,N
T403337,DOA-REPL,GW-OTHER,N,4749,Y
T403338,,,N,,Y
T403339,,,N,,Y
T403340,,,N,,N
T403341,,,N,,N
T403342,,,N,,Y
T403343,,,N,,N
T403344,,,N,,Y
T403345,,,N,,N
T403346,,,N,,Y
T403347,,,N,,Y
T403348,DOA-REPL,GW-OTHER,N,3149,Y
T403349,,,N,,N
T403350,,,N,,N
T403351,DOA-REPL,GW-OTHER,N,5949,N
T403352,,,N,,N
T403353,,,N,,Y
T403354,,,N,,N
T403355,,,N,,N
T403356,,,N,,N
T403357,,,N,,N
T403358,DOA-REPL,GW-OTHER,Y,3499,N
T403359,,,N,,Y
T403360,LOST-TRANSIT,GW-OTHER,N,1499,N
T403361,,,N,,Y
T403362,,,N,,Y
T403363,LOST-TRANSIT,GW-OTHER,N,6174,N
T403364,,,N,,N
T403365,LOST-TRANSIT,GW-OTHER,Y,4498,N
T403366,,,N,,N
T403367,,,N,,N
T403368,,,N,,N
T403369,GW-OTHER,GW-OTHER,N,300,N
T403370,DOA-REPL,DOA-REPL,N,2799,Y
T403371,,,N,,Y
T403372,,,N,,Y
T403373,,,N,,N
T403374,,,N,,Y
T403375,DOA-REPL,DOA-REPL,N,2974,N
T403376,,,N,,N
T403377,,,N,,N
T403378,,,N,,N
T403379,,,N,,N
T403380,DOA-REPL,GW-OTHER,N,3499,Y
T403381,,,N,,N
T403382,,,N,,Y
T403383,,,N,,N
T403384,,,N,,N
T403385,,,N,,N
T403386,,,N,,Y
T403387,,,N,,Y
T403388,,,N,,N
T403389,,,N,,N
T403390,,,N,,N
T403391,DOA-REPL,GW-OTHER,Y,1169,N
T403392,,,N,,N
T403393,DUP-PAYMENT,GW-OTHER,N,3324,N
T403394,,,N,,N
T403395,,,N,,Y
T403396,,,N,,N
T403397,,,N,,N
T403398,,,N,,N
T403399,,,N,,N
T403400,,,N,,N
T403401,,,N,,Y
T403402,,,N,,N
T403403,DOA-REPL,GW-OTHER,N,2974,N
T403404,,,N,,Y
T403405,,,N,,N
T403406,,,N,,Y
T403407,,,N,,N
T403408,,,N,,N
T403409,,,N,,Y
T403410,,,N,,N
T403411,DOA-REPL,GW-OTHER,Y,3324,N
T403412,,,N,,N
T403413,,,N,,Y
T403414,DOA-REPL,GW-OTHER,N,3499,N
T403415,,,N,,Y
T403416,RETURN-QC-OK,RETURN-QC-OK,N,3149,N
T403417,,,N,,Y
T403418,,,N,,N
T403419,,,N,,N
T403420,,,N,,Y
T403421,,,N,,N
T403422,,,N,,N
T403423,,,N,,Y
T403424,,,N,,Y
T403425,,,N,,N
T403426,,,N,,N
T403427,,,N,,N
T403428,,,N,,N
T403429,WTY-BUYBACK,WTY-BUYBACK,N,925,Y
T403430,,,N,,N
T403431,,,N,,N
T403432,,,N,,Y
T403433,CANCEL,GW-OTHER,N,1299,Y
T403434,RETURN-QC-OK,RETURN-QC-OK,N,2974,N
T403435,,,N,,N
T403436,,,N,,N
T403437,,,N,,N
T403438,,,N,,N
T403439,,,N,,N
T403440,,,N,,Y
T403441,,,N,,N
T403442,,,N,,Y
T403443,GW-OTHER,GW-OTHER,N,500,N
T403444,,,N,,N
T403445,,,N,,N
T403446,,,N,,N
T403447,,,N,,Y
T403448,DOA-REPL,DOA-REPL,Y,6499,Y
T403449,,,N,,N
T403450,,,N,,N
T403451,,,N,,N
T403452,,,N,,N
T403453,RETURN-QC-OK,RETURN-QC-OK,N,3499,N
T403454,,,N,,Y
T403455,,,N,,Y
T403456,,,N,,N
T403457,,,N,,N
T403458,,,N,,N
T403459,,,N,,N
T403460,,,N,,Y
T403461,,,N,,N
T403462,,,N,,N
T403463,CANCEL,GW-OTHER,N,2499,N
T403464,,,N,,N
T403465,,,N,,N
T403466,,,N,,N
T403467,,,N,,N
T403468,LOST-TRANSIT,GW-OTHER,N,1199,N
T403469,,,N,,N
T403470,RETURN-QC-OK,RETURN-QC-OK,N,2799,Y
T403471,,,N,,N
T403472,,,N,,N
T403473,,,N,,Y
T403474,,,N,,N
T403475,,,N,,N
T403476,,,N,,N
T403477,,,N,,N
T403478,PRICE-ADJ,PRICE-ADJ,N,500,N
T403479,,,N,,N
T403480,,,N,,N
T403481,DOA-REPL,GW-OTHER,N,2799,N
T403482,DUP-PAYMENT,DUP-PAYMENT,N,1039,N
T403483,DOA-REPL,DOA-REPL,N,2124,N
T403484,,,N,,N
T403485,WTY-BUYBACK,GW-OTHER,N,2165,Y
T403486,,,N,,Y
T403487,,,N,,N
T403488,DOA-REPL,DOA-REPL,N,1299,N
T403489,,,N,,Y
T403490,,,N,,N
T403491,,,N,,N
T403492,GW-OTHER,GW-OTHER,N,300,N
T403493,DOA-REPL,DOA-REPL,N,3499,N
T403494,,,N,,Y
T403495,,,N,,Y
T403496,,,N,,N
T403497,DUP-PAYMENT,GW-OTHER,N,3324,N
T403498,CANCEL,CANCEL,N,1799,Y
T403499,,,N,,N
T403500,,,N,,N
T403501,,,N,,N
T403502,,,N,,N
T403503,,,N,,N
T403504,,,N,,N
T403505,,,N,,N
T403506,DOA-REPL,DOA-REPL,N,2974,Y
T403507,,,N,,N
T403508,DOA-REPL,DOA-REPL,N,1699,N
T403509,,,N,,N
T403510,,,N,,Y
T403511,,,N,,N
T403512,,,N,,N
T403513,,,N,,N
T403514,,,N,,Y
T403515,,,N,,Y
T403516,,,N,,N
T403517,,,N,,N
T403518,,,N,,Y
T403519,,,N,,Y
T403520,,,N,,N
T403521,DOA-REPL,DOA-REPL,N,3324,Y
T403522,,,N,,N
T403523,,,N,,N
T403524,RETURN-QC-OK,RETURN-QC-OK,Y,2499,Y
T403525,,,N,,Y
T403526,,,N,,N
T403527,DOA-REPL,GW-OTHER,N,5199,Y
T403528,,,N,,N
T403529,,,N,,N
T403530,,,N,,N
T403531,,,N,,N
T403532,,,N,,N
T403533,,,N,,N
T403534,,,N,,Y
T403535,CANCEL,GW-OTHER,N,1709,Y
T403536,,,N,,Y
T403537,,,N,,Y
T403538,,,N,,N
T403539,,,N,,Y
T403540,,,N,,N
T403541,,,N,,N
T403542,,,N,,N
T403543,DOA-REPL,DOA-REPL,N,3499,Y
T403544,DOA-REPL,GW-OTHER,N,2974,N
T403545,DOA-REPL,GW-OTHER,N,3499,N
T403546,,,N,,N
T403547,,,N,,N
T403548,,,N,,N
T403549,,,N,,Y
T403550,,,N,,N
T403551,,,N,,N
T403552,,,N,,N
T403553,,,N,,N
T403554,,,N,,N
T403555,DOA-REPL,GW-OTHER,Y,1799,N
T403556,,,N,,N
T403557,DOA-REPL,GW-OTHER,Y,3324,N
T403558,,,N,,N
T403559,,,N,,Y
T403560,,,N,,Y
T403561,,,N,,N
T403562,WTY-BUYBACK,GW-OTHER,N,2320,N
T403563,GW-OTHER,GW-OTHER,N,300,Y
T403564,,,N,,Y
T403565,RETURN-QC-OK,GW-OTHER,N,1619,N
T403566,,,N,,N
T403567,,,N,,Y
T403568,,,N,,N
T403569,,,N,,N
T403570,,,N,,Y
T403571,CANCEL,CANCEL,N,1039,N
T403572,,,N,,N
T403573,,,N,,N
T403574,,,N,,N
T403575,,,N,,Y
T403576,WTY-BUYBACK,GW-OTHER,N,778,Y
T403577,,,N,,N
T403578,,,N,,N
T403579,RETURN-QC-OK,GW-OTHER,N,3499,Y
T403580,DOA-REPL,GW-OTHER,N,3149,Y
T403581,,,N,,Y
T403582,LOST-TRANSIT,LOST-TRANSIT,N,3499,Y
T403583,,,N,,N
T403584,,,N,,N
T403585,,,N,,Y
T403586,DOA-REPL,DOA-REPL,N,2799,N
T403587,DOA-REPL,DOA-REPL,N,1999,Y
T403588,DOA-REPL,DOA-REPL,N,12998,Y
T403589,,,N,,Y
T403590,,,N,,N
T403591,,,N,,N
T403592,,,N,,N
T403593,,,N,,N
T403594,,,N,,N
T403595,,,N,,N
T403596,DOA-REPL,GW-OTHER,Y,3149,N
T403597,GW-OTHER,GW-OTHER,N,500,Y
T403598,,,N,,N
T403599,,,N,,N
T403600,,,N,,N
T403601,,,N,,N
T403602,RETURN-QC-OK,GW-OTHER,Y,1104,N
T403603,,,N,,N
T403604,DOA-REPL,GW-OTHER,N,5949,N
T403605,DOA-REPL,GW-OTHER,Y,2974,N
T403606,,,N,,N
T403607,,,N,,N
T403608,RETURN-QC-OK,RETURN-QC-OK,N,5999,N
T403609,DOA-REPL,DOA-REPL,N,3324,N
T403610,,,N,,N
T403611,,,N,,Y
T403612,DOA-REPL,GW-OTHER,N,6174,N
T403613,,,N,,N
T403614,,,N,,N
T403615,,,N,,N
T403616,,,N,,Y
T403617,,,N,,N
T403618,,,N,,N
T403619,,,N,,N
T403620,,,N,,N
T403621,,,N,,N
T403622,,,N,,N
T403623,,,N,,N
T403624,GW-OTHER,GW-OTHER,N,200,N
T403625,,,N,,N
T403626,,,N,,N
T403627,,,N,,Y
T403628,,,N,,N
T403629,,,N,,N
T403630,,,N,,N
T403631,,,N,,N
T403632,,,N,,N
T403633,,,N,,Y
T403634,,,N,,N
T403635,,,N,,N
T403636,RETURN-QC-OK,RETURN-QC-OK,N,4249,Y
T403637,,,N,,N
T403638,,,N,,N
T403639,GW-OTHER,GW-OTHER,N,800,N
T403640,,,N,,N
T403641,,,N,,N
T403642,DOA-REPL,GW-OTHER,N,2799,Y
T403643,CANCEL,CANCEL,N,5999,N
T403644,,,N,,N
T403645,DOA-REPL,GW-OTHER,N,2799,N
T403646,,,N,,N
T403647,,,N,,N
T403648,,,N,,N
T403649,,,N,,N
T403650,,,N,,N
T403651,DOA-REPL,GW-OTHER,Y,6998,Y
T403652,RETURN-QC-OK,GW-OTHER,N,3499,Y
T403653,CANCEL,GW-OTHER,N,3499,Y
T403654,,,N,,N
T403655,,,N,,N
T403656,,,N,,Y
T403657,GW-OTHER,GW-OTHER,N,300,Y
T403658,RETURN-QC-OK,RETURN-QC-OK,N,4499,N
T403659,,,N,,Y
T403660,CANCEL,CANCEL,N,1999,Y
T403661,,,N,,Y
T403662,LOST-TRANSIT,GW-OTHER,N,3149,N
T403663,,,N,,N
T403664,DUP-PAYMENT,GW-OTHER,N,1699,N
T403665,,,N,,N
T403666,,,N,,N
T403667,,,N,,N
T403668,,,N,,Y
T403669,,,N,,Y
T403670,,,N,,Y
T403671,,,N,,Y
T403672,,,N,,Y
T403673,,,N,,Y
T403674,,,N,,N
T403675,,,N,,N
T403676,,,N,,N
T403677,,,N,,N
T403678,DOA-REPL,DOA-REPL,N,5524,Y
T403679,,,N,,Y
T403680,,,N,,Y
T403681,,,N,,N
T403682,,,N,,N
T403683,DOA-REPL,GW-OTHER,N,2799,Y
T403684,GW-OTHER,GW-OTHER,N,150,N
T403685,DOA-REPL,GW-OTHER,N,3499,N
T403686,,,N,,Y
T403687,,,N,,Y
T403688,,,N,,N
T403689,,,N,,Y
T403690,,,N,,Y
T403691,GW-OTHER,GW-OTHER,N,150,N
T403692,,,N,,N
T403693,,,N,,Y
T403694,LOST-TRANSIT,LOST-TRANSIT,Y,6499,N
T403695,,,N,,N
T403696,,,N,,Y
T403697,,,N,,Y
T403698,,,N,,N
T403699,,,N,,N
T403700,,,N,,Y
T403701,,,N,,N
T403702,DOA-REPL,GW-OTHER,N,3499,Y
T403703,,,N,,N
T403704,,,N,,N
T403705,,,N,,N
T403706,,,N,,Y
T403707,,,N,,N
T403708,,,N,,N
T403709,GW-OTHER,GW-OTHER,N,150,Y
T403710,,,N,,N
T403711,DOA-REPL,GW-OTHER,N,3324,N
T403712,,,N,,N
T403713,,,N,,N
T403714,,,N,,N
T403715,,,N,,N
T403716,,,N,,N
T403717,,,N,,N
T403718,,,N,,N
T403719,,,N,,Y
T403720,PRICE-ADJ,GW-OTHER,N,600,N
T403721,,,N,,Y
T403722,,,N,,N
T403723,,,N,,Y
T403724,DOA-REPL,GW-OTHER,Y,3499,Y
T403725,,,N,,N
T403726,,,N,,Y
T403727,DUP-PAYMENT,DUP-PAYMENT,N,2124,N
T403728,,,N,,Y
T403729,DOA-REPL,DOA-REPL,N,6499,N
T403730,,,N,,N
T403731,RETURN-QC-OK,GW-OTHER,N,3499,Y
T403732,DOA-REPL,DOA-REPL,N,3499,N
T403733,,,N,,Y
T403734,,,N,,N
T403735,,,N,,N
T403736,,,N,,N
T403737,,,N,,N
T403738,,,N,,N
T403739,,,N,,Y
T403740,,,N,,N
T403741,DOA-REPL,GW-OTHER,N,6998,N
T403742,,,N,,Y
T403743,,,N,,N
T403744,DOA-REPL,DOA-REPL,Y,2499,Y
T403745,,,N,,N
T403746,,,N,,N
T403747,,,N,,N
T403748,DOA-REPL,GW-OTHER,N,5949,N
T403749,,,N,,Y
T403750,,,N,,N
T403751,,,N,,N
T403752,,,N,,Y
T403753,,,N,,N
T403754,,,N,,Y
T403755,,,N,,N
T403756,,,N,,N
T403757,,,N,,N
T403758,RETURN-QC-OK,GW-OTHER,Y,12348,N
T403759,,,N,,N
T403760,DOA-REPL,GW-OTHER,N,3499,N
T403761,,,N,,N
T403762,,,N,,N
T403763,,,N,,Y
T403764,,,N,,N
T403765,,,N,,N
T403766,,,N,,Y
T403767,,,N,,N
T403768,,,N,,N
T403769,,,N,,N
T403770,,,N,,N
T403771,RETURN-QC-OK,GW-OTHER,N,5949,N
T403772,RETURN-QC-OK,GW-OTHER,Y,6499,N
T403773,WTY-BUYBACK,GW-OTHER,N,1234,N
T403774,,,N,,N
T403775,,,N,,Y
T403776,DOA-REPL,DOA-REPL,N,3499,N
T403777,,,N,,N
T403778,,,N,,N
T403779,DOA-REPL,GW-OTHER,N,3499,Y
T403780,,,N,,N
T403781,,,N,,Y
T403782,,,N,,N
T403783,,,N,,N
T403784,,,N,,N
T403785,,,N,,N
T403786,,,N,,N
T403787,,,N,,N
T403788,RETURN-QC-OK,GW-OTHER,Y,2249,N
T403789,,,N,,N
T403790,,,N,,Y
T403791,,,N,,Y
T403792,,,N,,N
T403793,CANCEL,GW-OTHER,N,3324,N
T403794,,,N,,Y
T403795,,,N,,Y
T403796,,,N,,N
T403797,,,N,,N
T403798,DOA-REPL,GW-OTHER,N,3499,N
T403799,,,N,,Y
T403800,,,N,,N
T403801,,,N,,N
T403802,,,N,,Y
T403803,,,N,,Y
T403804,,,N,,N
T403805,,,N,,N
T403806,,,N,,Y
T403807,,,N,,Y
T403808,,,N,,Y
T403809,,,N,,Y
T403810,,,N,,N
T403811,,,N,,N
T403812,DOA-REPL,DOA-REPL,N,2974,N
T403813,,,N,,N
T403814,LOST-TRANSIT,LOST-TRANSIT,N,6999,N
T403815,,,N,,N
T403816,,,N,,N
T403817,,,N,,Y
T403818,WTY-BUYBACK,GW-OTHER,N,4042,N
T403819,,,N,,N
T403820,,,N,,Y
T403821,,,N,,N
T403822,,,N,,Y
T403823,RETURN-QC-OK,RETURN-QC-OK,N,2374,N
T403824,,,N,,Y
T403825,,,N,,N
T403826,,,N,,Y
T403827,RETURN-QC-OK,GW-OTHER,N,3149,N
T403828,,,N,,N
T403829,,,N,,N
T403830,,,N,,N
T403831,,,N,,N
T403832,CANCEL,CANCEL,N,1104,N
T403833,,,N,,N
T403834,RETURN-QC-OK,RETURN-QC-OK,N,2499,N
T403835,,,N,,Y
T403836,,,N,,Y
T403837,,,N,,N
T403838,,,N,,N
T403839,,,N,,N
T403840,,,N,,N
T403841,,,N,,Y
T403842,,,N,,N
T403843,DOA-REPL,DOA-REPL,N,3499,N
T403844,,,N,,Y
T403845,,,N,,Y
T403846,DOA-REPL,GW-OTHER,N,3324,N
T403847,GW-OTHER,GW-OTHER,N,1000,N
T403848,,,N,,N
T403849,,,N,,N
T403850,GW-OTHER,GW-OTHER,N,350,N
T403851,DOA-REPL,DOA-REPL,Y,6499,N
T403852,DOA-REPL,GW-OTHER,N,3149,Y
T403853,DOA-REPL,DOA-REPL,N,1619,N
T403854,,,N,,N
T403855,,,N,,Y
T403856,WTY-BUYBACK,GW-OTHER,N,1793,N
T403857,,,N,,Y
T403858,,,N,,Y
T403859,,,N,,N
T403860,DOA-REPL,GW-OTHER,Y,6998,N
T403861,,,N,,N
T403862,,,N,,Y
T403863,,,N,,N
T403864,,,N,,N
T403865,,,N,,N
T403866,DOA-REPL,GW-OTHER,N,11198,N
T403867,,,N,,N
T403868,,,N,,N
T403869,DOA-REPL,DOA-REPL,N,4249,N
T403870,,,N,,N
T403871,,,N,,N
T403872,,,N,,N
T403873,,,N,,Y
T403874,DOA-REPL,GW-OTHER,Y,3324,N
T403875,,,N,,N
T403876,,,N,,N
T403877,,,N,,N
T403878,,,N,,Y
T403879,,,N,,N
T403880,GW-OTHER,GW-OTHER,N,250,N
T403881,WTY-BUYBACK,WTY-BUYBACK,N,725,N
T403882,WTY-BUYBACK,GW-OTHER,N,2653,N
T403883,,,N,,N
T403884,,,N,,Y
T403885,,,N,,N
T403886,,,N,,Y
T403887,,,N,,N
T403888,,,N,,N
T403889,,,N,,N
T403890,,,N,,Y
T403891,,,N,,N
T403892,,,N,,N
T403893,,,N,,N
T403894,,,N,,Y
T403895,,,N,,N
T403896,,,N,,N
T403897,,,N,,N
T403898,,,N,,N
T403899,DUP-PAYMENT,DUP-PAYMENT,N,6499,N
T403900,,,N,,N
T403901,DOA-REPL,DOA-REPL,N,3324,N
T403902,,,N,,N
T403903,RETURN-QC-OK,GW-OTHER,Y,6174,N
T403904,,,N,,N
T403905,,,N,,N
T403906,,,N,,Y
T403907,,,N,,N
T403908,,,N,,Y
T403909,,,N,,N
T403910,,,N,,N
T403911,,,N,,N
T403912,,,N,,N
T403913,,,N,,Y
T403914,,,N,,N
T403915,DOA-REPL,DOA-REPL,Y,3499,N
T403916,,,N,,N
T403917,,,N,,N
T403918,,,N,,Y
T403919,RETURN-QC-OK,GW-OTHER,Y,3499,Y
T403920,,,N,,N
T403921,PRICE-ADJ,GW-OTHER,N,600,N
T403922,,,N,,Y
T403923,,,N,,Y
T403924,WTY-BUYBACK,WTY-BUYBACK,N,1232,N
T403925,,,N,,N
T403926,,,N,,Y
T403927,,,N,,N
T403928,,,N,,Y
T403929,GW-OTHER,GW-OTHER,N,400,N
T403930,,,N,,N
T403931,,,N,,N
T403932,,,N,,N
T403933,DUP-PAYMENT,DUP-PAYMENT,N,2374,N
T403934,,,N,,Y
T403935,DOA-REPL,GW-OTHER,Y,5699,Y
T403936,,,N,,Y
T403937,,,N,,N
T403938,,,N,,Y
T403939,,,N,,N
T403940,DOA-REPL,GW-OTHER,N,2799,Y
T403941,,,N,,N
T403942,,,N,,N
T403943,,,N,,N
T403944,GW-OTHER,GW-OTHER,N,300,N
T403945,,,N,,Y
T403946,DUP-PAYMENT,GW-OTHER,N,1299,Y
T403947,,,N,,Y
T403948,PRICE-ADJ,GW-OTHER,N,200,N
T403949,,,N,,N
T403950,,,N,,N
T403951,,,N,,N
T403952,GW-OTHER,GW-OTHER,N,150,N
T403953,DOA-REPL,GW-OTHER,N,6649,N
T403954,,,N,,N
T403955,,,N,,N
T403956,,,N,,N
T403957,PRICE-ADJ,PRICE-ADJ,N,600,N
T403958,RETURN-QC-OK,RETURN-QC-OK,N,3499,N
T403959,,,N,,N
T403960,,,N,,N
T403961,,,N,,N
T403962,,,N,,Y
T403963,,,N,,Y
T403964,,,N,,N
T403965,DOA-REPL,GW-OTHER,Y,3499,N
T403966,,,N,,N
T403967,DOA-REPL,GW-OTHER,N,2799,N
T403968,DOA-REPL,GW-OTHER,N,2799,N
T403969,,,N,,Y
T403970,,,N,,Y
T403971,,,N,,Y
T403972,,,N,,Y
T403973,,,N,,Y
T403974,,,N,,N
T403975,,,N,,N
T403976,,,N,,N
T403977,LOST-TRANSIT,GW-OTHER,N,1619,Y
T403978,,,N,,N
T403979,,,N,,Y
T403980,,,N,,N
T403981,,,N,,Y
T403982,,,N,,N
T403983,,,N,,Y
T403984,,,N,,Y
T403985,,,N,,N
T403986,,,N,,N
T403987,,,N,,Y
T403988,,,N,,Y
T403989,RETURN-QC-OK,WTY-BUYBACK,N,1619,N
T403990,LOST-TRANSIT,LOST-TRANSIT,N,1709,N
T403991,,,N,,N
T403992,,,N,,N
T403993,,,N,,Y
T403994,,,N,,Y
T403995,,,N,,N
T403996,,,N,,N
T403997,,,N,,N
T403998,,,N,,N
T403999,DOA-REPL,GW-OTHER,Y,5999,N
T404000,,,N,,Y
T404001,,,N,,Y
T404002,,,N,,N
T404003,,,N,,N
T404004,,,N,,N
T404005,,,N,,N
T404006,,,N,,N
T404007,,,N,,Y
T404008,,,N,,Y
T404009,DOA-REPL,GW-OTHER,Y,3149,Y
T404010,,,N,,N
T404011,LOST-TRANSIT,GW-OTHER,N,2974,Y
T404012,CANCEL,GW-OTHER,N,2799,Y
T404013,,,N,,Y
T404014,,,N,,Y
T404015,,,N,,Y
T404016,,,N,,Y
T404017,,,N,,Y
T404018,DOA-REPL,GW-OTHER,N,2374,Y
T404019,DOA-REPL,GW-OTHER,N,2799,Y
T404020,,,N,,Y
T404021,,,N,,Y
T404022,,,N,,N
T404023,DOA-REPL,GW-OTHER,N,2499,N
T404024,DOA-REPL,GW-OTHER,N,3499,N
T404025,,,N,,Y
T404026,DOA-REPL,DOA-REPL,N,2799,Y
T404027,,,N,,Y
T404028,,,N,,Y
T404029,WTY-BUYBACK,WTY-BUYBACK,N,2729,N
T404030,PRICE-ADJ,PRICE-ADJ,N,300,N
T404031,,,N,,Y
T404032,,,N,,Y
T404033,,,N,,N
T404034,CANCEL,CANCEL,N,5199,N
T404035,DOA-REPL,DOA-REPL,N,3324,N
T404036,,,N,,N
T404037,,,N,,N
T404038,DOA-REPL,GW-OTHER,N,1299,N
T404039,,,N,,N
T404040,,,N,,N
T404041,RETURN-QC-OK,GW-OTHER,N,3324,N
T404042,,,N,,Y
T404043,DOA-REPL,GW-OTHER,Y,6999,Y
T404044,,,N,,N
T404045,,,N,,N
T404046,,,N,,N
T404047,,,N,,N
T404048,,,N,,N
T404049,,,N,,N
T404050,,,N,,N
T404051,,,N,,N
T404052,DOA-REPL,GW-OTHER,N,3499,N
T404053,DOA-REPL,DOA-REPL,N,3499,N
T404054,,,N,,N
T404055,,,N,,N
T404056,,,N,,N
T404057,,,N,,N
T404058,DOA-REPL,GW-OTHER,N,3149,N
T404059,,,N,,N
T404060,,,N,,N
T404061,,,N,,N
T404062,,,N,,N
T404063,,,N,,N
T404064,,,N,,N
T404065,,,N,,Y
T404066,,,N,,Y
T404067,,,N,,Y
T404068,,,N,,N
T404069,,,N,,N
T404070,,,N,,N
T404071,,,N,,N
T404072,,,N,,N
T404073,PRICE-ADJ,GW-OTHER,N,200,N
T404074,GW-OTHER,WTY-BUYBACK,N,400,N
T404075,,,N,,N
T404076,,,N,,N
T404077,PRICE-ADJ,PRICE-ADJ,N,500,Y
T404078,,,N,,Y
T404079,,,N,,N
T404080,,,N,,N
T404081,,,N,,N
T404082,RETURN-QC-OK,RETURN-QC-OK,N,2249,N
T404083,,,N,,N
T404084,,,N,,Y
T404085,DOA-REPL,GW-OTHER,N,1439,Y
T404086,,,N,,Y
T404087,,,N,,N
T404088,,,N,,Y
T404089,,,N,,N
T404090,,,N,,N
T404091,,,N,,Y
T404092,,,N,,N
T404093,DOA-REPL,DOA-REPL,N,3499,Y
T404094,DUP-PAYMENT,GW-OTHER,N,3149,N
T404095,,,N,,N
T404096,,,N,,N
T404097,,,N,,N
T404098,,,N,,N
T404099,,,N,,N
T404100,,,N,,N
T404101,,,N,,Y
T404102,DOA-REPL,GW-OTHER,N,3499,Y
T404103,,,N,,N
T404104,DOA-REPL,DOA-REPL,N,2499,Y
T404105,,,N,,N
T404106,,,N,,Y
T404107,,,N,,N
T404108,DOA-REPL,GW-OTHER,N,3324,Y
T404109,,,N,,Y
T404110,CANCEL,GW-OTHER,N,6648,N
T404111,PRICE-ADJ,GW-OTHER,N,750,N
T404112,,,N,,Y
T404113,,,N,,Y
T404114,,,N,,Y
T404115,,,N,,Y
T404116,,,N,,N
T404117,,,N,,N
T404118,,,N,,N
T404119,DOA-REPL,GW-OTHER,Y,6499,N
T404120,,,N,,N
T404121,,,N,,N
T404122,,,N,,N
T404123,WTY-BUYBACK,GW-OTHER,N,2590,N
T404124,,,N,,N
T404125,,,N,,N
T404126,,,N,,N
T404127,,,N,,N
T404128,,,N,,Y
T404129,PRICE-ADJ,GW-OTHER,N,100,Y
T404130,PRICE-ADJ,PRICE-ADJ,N,500,N
T404131,,,N,,N
T404132,WTY-BUYBACK,WTY-BUYBACK,N,1834,N
T404133,,,N,,Y
T404134,DOA-REPL,DOA-REPL,N,4799,N
T404135,,,N,,N
T404136,DUP-PAYMENT,DUP-PAYMENT,N,1999,N
T404137,DUP-PAYMENT,GW-OTHER,N,3499,N
T404138,,,N,,N
T404139,,,N,,N
T404140,,,N,,N
T404141,,,N,,N
T404142,,,N,,N
T404143,,,N,,N
T404144,,,N,,N
T404145,,,N,,N
T404146,GW-OTHER,GW-OTHER,N,200,Y
T404147,,,N,,N
T404148,,,N,,N
T404149,,,N,,N
T404150,,,N,,N
T404151,,,N,,N
T404152,PRICE-ADJ,GW-OTHER,N,600,Y
T404153,RETURN-QC-OK,GW-OTHER,N,1234,N
T404154,,,N,,Y
T404155,,,N,,Y
T404156,,,N,,N
T404157,DOA-REPL,GW-OTHER,N,3499,Y
T404158,,,N,,Y
T404159,RETURN-QC-OK,RETURN-QC-OK,Y,1799,N
T404160,GW-OTHER,GW-OTHER,N,150,Y
T404161,,,N,,N
T404162,,,N,,N
T404163,,,N,,N
T404164,DOA-REPL,GW-OTHER,N,3324,N
T404165,,,N,,N
T404166,DOA-REPL,GW-OTHER,Y,3324,N
T404167,,,N,,Y
T404168,,,N,,Y
T404169,CANCEL,CANCEL,N,5949,Y
T404170,,,N,,N
T404171,,,N,,N
T404172,,,N,,N
T404173,,,N,,N
T404174,,,N,,Y
T404175,WTY-BUYBACK,GW-OTHER,N,2797,N
T404176,,,N,,N
T404177,DOA-REPL,GW-OTHER,Y,1104,N
T404178,,,N,,N
T404179,,,N,,Y
T404180,,,N,,Y
T404181,,,N,,N
T404182,,,N,,Y
T404183,LOST-TRANSIT,LOST-TRANSIT,N,3324,N
T404184,DOA-REPL,GW-OTHER,N,6298,N
T404185,,,N,,N
T404186,,,N,,N
T404187,LOST-TRANSIT,LOST-TRANSIT,N,1999,N
T404188,,,N,,N
T404189,,,N,,N
T404190,,,N,,Y
T404191,,,N,,Y
T404192,,,N,,N
T404193,,,N,,Y
T404194,,,N,,Y
T404195,DOA-REPL,GW-OTHER,Y,2799,N
T404196,,,N,,N
T404197,,,N,,N
T404198,,,N,,Y
T404199,,,N,,N
T404200,,,N,,N
T404201,,,N,,N
T404202,,,N,,N
T404203,,,N,,N
T404204,LOST-TRANSIT,GW-OTHER,Y,6499,N
T404205,LOST-TRANSIT,LOST-TRANSIT,N,3499,Y
T404206,,,N,,N
T404207,,,N,,Y
T404208,,,N,,Y
T404209,,,N,,N
T404210,,,N,,Y
T404211,,,N,,N
T404212,,,N,,N
T404213,,,N,,N
T404214,CANCEL,GW-OTHER,N,1169,N
T404215,,,N,,Y
T404216,,,N,,N
T404217,RETURN-QC-OK,GW-OTHER,N,2374,Y
T404218,,,N,,N
T404219,DUP-PAYMENT,DUP-PAYMENT,N,6174,Y
T404220,,,N,,N
T404221,PRICE-ADJ,GW-OTHER,N,200,N
T404222,,,N,,N
T404223,,,N,,N
T404224,,,N,,Y
T404225,,,N,,Y
T404226,,,N,,Y
T404227,,,N,,Y
T404228,,,N,,Y
T404229,GW-OTHER,GW-OTHER,N,500,Y
T404230,,,N,,N
T404231,PRICE-ADJ,GW-OTHER,N,500,N
T404232,,,N,,N
T404233,,,N,,N
T404234,PRICE-ADJ,GW-OTHER,N,200,Y
T404235,DOA-REPL,GW-OTHER,N,3324,N
T404236,,,N,,N
T404237,,,N,,N
T404238,,,N,,Y
T404239,,,N,,Y
T404240,WTY-BUYBACK,WTY-BUYBACK,N,1436,N
T404241,DOA-REPL,DOA-REPL,N,3499,Y
T404242,,,N,,Y
T404243,,,N,,N
T404244,DOA-REPL,GW-OTHER,N,3499,N
T404245,,,N,,Y
T404246,,,N,,N
T404247,,,N,,N
T404248,,,N,,Y
T404249,,,N,,N
T404250,,,N,,N
T404251,LOST-TRANSIT,GW-OTHER,N,5099,N
T404252,DOA-REPL,DOA-REPL,N,3499,N
T404253,,,N,,N
T404254,DUP-PAYMENT,DUP-PAYMENT,N,2374,N
T404255,,,N,,N
T404256,,,N,,N
T404257,,,N,,N
T404258,,,N,,N
T404259,,,N,,N
T404260,DOA-REPL,GW-OTHER,Y,2374,N
T404261,,,N,,Y
T404262,,,N,,N
T404263,GW-OTHER,GW-OTHER,N,500,Y
T404264,,,N,,N
T404265,,,N,,N
T404266,,,N,,Y
T404267,,,N,,N
T404268,RETURN-QC-OK,RETURN-QC-OK,N,1169,Y
T404269,,,N,,N
T404270,DOA-REPL,DOA-REPL,N,3324,N
T404271,,,N,,N
T404272,,,N,,N
T404273,,,N,,N
T404274,,,N,,N
T404275,,,N,,N
T404276,,,N,,N
T404277,,,N,,N
T404278,,,N,,Y
T404279,,,N,,N
T404280,,,N,,N
T404281,,,N,,N
T404282,,,N,,N
T404283,,,N,,Y
T404284,,,N,,Y
T404285,DOA-REPL,GW-OTHER,N,2974,N
T404286,,,N,,N
T404287,CANCEL,GW-OTHER,N,1299,N
T404288,,,N,,N
T404289,,,N,,N
T404290,DOA-REPL,GW-OTHER,N,3149,N
T404291,RETURN-QC-OK,GW-OTHER,N,1799,Y
T404292,,,N,,N
T404293,,,N,,N
T404294,WTY-BUYBACK,GW-OTHER,N,1593,Y
T404295,,,N,,N
T404296,,,N,,N
T404297,,,N,,N
T404298,,,N,,N
T404299,DOA-REPL,GW-OTHER,N,3499,Y
T404300,,,N,,Y
T404301,,,N,,N
T404302,,,N,,N
T404303,,,N,,N
T404304,,,N,,N
T404305,,,N,,Y
T404306,,,N,,N
T404307,RETURN-QC-OK,GW-OTHER,N,2499,Y
T404308,LOST-TRANSIT,GW-OTHER,N,3499,N
T404309,,,N,,Y
T404310,,,N,,Y
T404311,,,N,,N
T404312,,,N,,N
T404313,DOA-REPL,GW-OTHER,N,6299,Y
T404314,,,N,,Y
T404315,,,N,,N
T404316,,,N,,Y
T404317,,,N,,N
T404318,,,N,,N
T404319,DOA-REPL,GW-OTHER,N,3324,N
T404320,DUP-PAYMENT,GW-OTHER,N,6998,N
T404321,,,N,,N
T404322,DOA-REPL,DOA-REPL,N,3499,N
T404323,RETURN-QC-OK,GW-OTHER,N,3499,N
T404324,,,N,,N
T404325,,,N,,Y
T404326,,,N,,N
T404327,,,N,,N
T404328,,,N,,N
T404329,,,N,,Y
T404330,,,N,,Y
T404331,,,N,,Y
T404332,,,N,,Y
T404333,,,N,,Y
T404334,,,N,,N
T404335,,,N,,N
T404336,,,N,,N
T404337,,,N,,N
T404338,DOA-REPL,DOA-REPL,N,1619,N
T404339,,,N,,N
T404340,,,N,,Y
T404341,,,N,,Y
T404342,,,N,,Y
T404343,DOA-REPL,DOA-REPL,Y,3324,N
T404344,,,N,,N
T404345,,,N,,N
T404346,,,N,,Y
T404347,,,N,,N
T404348,,,N,,Y
T404349,,,N,,Y
T404350,GW-OTHER,GW-OTHER,N,350,N
T404351,,,N,,Y
T404352,,,N,,Y
T404353,,,N,,N
T404354,PRICE-ADJ,PRICE-ADJ,N,600,N
T404355,,,N,,N
T404356,,,N,,N
T404357,,,N,,N
T404358,DOA-REPL,DOA-REPL,Y,3499,N
T404359,,,N,,N
T404360,,,N,,N
T404361,,,N,,N
T404362,,,N,,N
T404363,,,N,,N
T404364,,,N,,N
T404365,,,N,,Y
T404366,,,N,,N
T404367,,,N,,N
T404368,,,N,,Y
T404369,,,N,,N
T404370,GW-OTHER,GW-OTHER,N,250,N
T404371,,,N,,N
T404372,RETURN-QC-OK,GW-OTHER,N,1799,N
T404373,,,N,,N
T404374,,,N,,Y
T404375,RETURN-QC-OK,GW-OTHER,N,1709,Y
T404376,DOA-REPL,DOA-REPL,N,2799,N
T404377,,,N,,N
T404378,,,N,,Y
T404379,,,N,,Y
T404380,,,N,,Y
T404381,,,N,,N
T404382,,,N,,Y
T404383,,,N,,N
T404384,,,N,,N
T404385,DOA-REPL,GW-OTHER,Y,3324,Y
T404386,LOST-TRANSIT,LOST-TRANSIT,N,5524,Y
T404387,,,N,,Y
T404388,,,N,,Y
T404389,,,N,,N
T404390,,,N,,N
T404391,,,N,,N
T404392,,,N,,N
T404393,,,N,,N
T404394,,,N,,N
T404395,,,N,,N
T404396,,,N,,N
T404397,DOA-REPL,GW-OTHER,N,5599,N
T404398,,,N,,Y
T404399,,,N,,Y
T404400,,,N,,N
T404401,RETURN-QC-OK,GW-OTHER,N,6649,N
T404402,,,N,,N
T404403,,,N,,N
T404404,,,N,,N
T404405,,,N,,N
T404406,RETURN-QC-OK,RETURN-QC-OK,N,2249,Y
T404407,,,N,,N
T404408,,,N,,N
T404409,,,N,,N
T404410,,,N,,Y
T404411,WTY-BUYBACK,WTY-BUYBACK,N,3813,N
T404412,,,N,,N
T404413,,,N,,Y
T404414,DOA-REPL,GW-OTHER,Y,3499,N
T404415,,,N,,N
T404416,,,N,,N
T404417,,,N,,N
T404418,,,N,,N
T404419,,,N,,N
T404420,GW-OTHER,GW-OTHER,N,500,N
T404421,,,N,,N
T404422,DOA-REPL,DOA-REPL,Y,6998,N
T404423,,,N,,N
T404424,CANCEL,GW-OTHER,N,3499,N
T404425,,,N,,Y
T404426,RETURN-QC-OK,RETURN-QC-OK,N,3149,N
T404427,,,N,,Y
T404428,,,N,,N
T404429,,,N,,N
T404430,,,N,,Y
T404431,,,N,,N
T404432,,,N,,N
T404433,,,N,,N
T404434,,,N,,Y
T404435,DOA-REPL,GW-OTHER,N,3499,N
T404436,,,N,,Y
T404437,,,N,,N
T404438,DOA-REPL,GW-OTHER,N,3149,N
T404439,,,N,,N
T404440,,,N,,N
T404441,,,N,,Y
T404442,,,N,,Y
T404443,,,N,,N
T404444,,,N,,N
T404445,LOST-TRANSIT,GW-OTHER,N,5598,N
T404446,,,N,,N
T404447,,,N,,Y
T404448,GW-OTHER,GW-OTHER,N,400,N
T404449,,,N,,N
T404450,,,N,,Y
T404451,DOA-REPL,GW-OTHER,N,5599,N
T404452,,,N,,N
T404453,,,N,,N
T404454,,,N,,N
T404455,,,N,,N
T404456,,,N,,Y
T404457,,,N,,Y
T404458,,,N,,N
T404459,,,N,,Y
T404460,,,N,,N
T404461,,,N,,N
T404462,,,N,,N
T404463,LOST-TRANSIT,GW-OTHER,N,1234,N
T404464,,,N,,Y
T404465,DOA-REPL,DOA-REPL,N,3499,N
T404466,DOA-REPL,GW-OTHER,Y,3499,Y
T404467,,,N,,N
T404468,,,N,,N
T404469,,,N,,N
T404470,GW-OTHER,GW-OTHER,N,150,Y
T404471,,,N,,N
T404472,,,N,,N
T404473,,,N,,N
T404474,,,N,,N
T404475,,,N,,N
T404476,CANCEL,CANCEL,N,3499,N
T404477,,,N,,Y
T404478,,,N,,N
T404479,,,N,,N
T404480,,,N,,Y
T404481,,,N,,N
T404482,RETURN-QC-OK,GW-OTHER,N,1039,N
T404483,LOST-TRANSIT,GW-OTHER,N,3998,N
T404484,,,N,,Y
T404485,,,N,,Y
T404486,,,N,,N
T404487,,,N,,N
T404488,,,N,,N
T404489,,,N,,Y
T404490,,,N,,N
T404491,,,N,,N
T404492,,,N,,N
T404493,,,N,,Y
T404494,,,N,,N
T404495,,,N,,N
T404496,,,N,,N
T404497,,,N,,Y
T404498,,,N,,Y
T404499,,,N,,N
T404500,,,N,,N
T404501,,,N,,N
T404502,,,N,,Y
T404503,LOST-TRANSIT,LOST-TRANSIT,N,6174,N
T404504,,,N,,N
T404505,,,N,,Y
T404506,,,N,,N
T404507,,,N,,N
T404508,LOST-TRANSIT,LOST-TRANSIT,N,1299,Y
T404509,CANCEL,CANCEL,N,2374,Y
T404510,,,N,,Y
T404511,,,N,,N
T404512,,,N,,N
T404513,,,N,,N
T404514,,,N,,N
T404515,,,N,,N
T404516,,,N,,N
T404517,,,N,,N
T404518,DOA-REPL,GW-OTHER,N,1439,Y
T404519,,,N,,N
T404520,,,N,,N
T404521,,,N,,N
T404522,RETURN-QC-OK,GW-OTHER,N,3149,N
T404523,DOA-REPL,DOA-REPL,N,3149,N
T404524,,,N,,N
T404525,,,N,,Y
T404526,,,N,,N
T404527,,,N,,N
T404528,,,N,,Y
T404529,RETURN-QC-OK,GW-OTHER,N,1999,N
T404530,GW-OTHER,GW-OTHER,N,500,N
T404531,DOA-REPL,GW-OTHER,N,2974,Y
T404532,,,N,,N
T404533,DOA-REPL,GW-OTHER,N,2799,Y
T404534,,,N,,N
T404535,,,N,,N
T404536,,,N,,N
T404537,RETURN-QC-OK,GW-OTHER,N,339,N
T404538,,,N,,N
T404539,,,N,,Y
T404540,,,N,,Y
T404541,,,N,,N
T404542,,,N,,N
T404543,,,N,,N
T404544,,,N,,N
T404545,,,N,,N
T404546,,,N,,N
T404547,,,N,,N
T404548,,,N,,N
T404549,,,N,,Y
T404550,,,N,,N
T404551,,,N,,N
T404552,,,N,,N
T404553,,,N,,Y
T404554,,,N,,N
T404555,,,N,,N
T404556,,,N,,N
T404557,,,N,,N
T404558,DOA-REPL,GW-OTHER,N,1999,Y
T404559,RETURN-QC-OK,GW-OTHER,Y,4999,Y
T404560,,,N,,Y
T404561,,,N,,N
T404562,,,N,,Y
T404563,,,N,,N
T404564,,,N,,Y
T404565,,,N,,N
T404566,,,N,,N
T404567,,,N,,Y
T404568,DOA-REPL,GW-OTHER,Y,2974,N
T404569,RETURN-QC-OK,GW-OTHER,Y,2974,Y
T404570,,,N,,N
T404571,DUP-PAYMENT,GW-OTHER,N,2499,N
T404572,,,N,,N
T404573,,,N,,Y
T404574,RETURN-QC-OK,GW-OTHER,N,3149,N
T404575,,,N,,N
T404576,CANCEL,GW-OTHER,N,3499,N
T404577,,,N,,N
T404578,,,N,,N
T404579,,,N,,N
T404580,,,N,,Y
T404581,,,N,,Y
T404582,,,N,,N
T404583,,,N,,N
T404584,,,N,,N
T404585,,,N,,Y
T404586,,,N,,N
T404587,,,N,,N
T404588,,,N,,Y
T404589,,,N,,N
T404590,,,N,,N
T404591,,,N,,N
T404592,,,N,,N
T404593,,,N,,N
T404594,,,N,,N
T404595,,,N,,Y
T404596,,,N,,N
T404597,CANCEL,CANCEL,N,1699,Y
T404598,,,N,,Y
T404599,,,N,,Y
T404600,,,N,,Y
T404601,,,N,,N
T404602,DOA-REPL,GW-OTHER,N,5524,N
T404603,,,N,,Y
T404604,,,N,,N
T404605,,,N,,N
T404606,,,N,,Y
T404607,,,N,,N
T404608,,,N,,N
T404609,,,N,,Y
T404610,,,N,,N
T404611,,,N,,N
T404612,DOA-REPL,DOA-REPL,N,6999,Y
T404613,,,N,,Y
T404614,,,N,,Y
T404615,,,N,,N
T404616,,,N,,Y
T404617,,,N,,Y
T404618,,,N,,Y
T404619,,,N,,Y
T404620,,,N,,N
T404621,,,N,,Y
T404622,,,N,,N
T404623,,,N,,N
T404624,WTY-BUYBACK,WTY-BUYBACK,N,3720,N
T404625,DOA-REPL,DOA-REPL,Y,3499,N
T404626,,,N,,N
T404627,DOA-REPL,GW-OTHER,Y,6499,Y
T404628,,,N,,N
T404629,,,N,,N
T404630,,,N,,N
T404631,,,N,,N
T404632,,,N,,N
T404633,,,N,,N
T404634,,,N,,N
T404635,,,N,,N
T404636,RETURN-QC-OK,RETURN-QC-OK,N,5849,N
T404637,DUP-PAYMENT,DUP-PAYMENT,N,2499,Y
T404638,,,N,,N
T404639,,,N,,Y
T404640,,,N,,N
T404641,,,N,,Y
T404642,,,N,,Y
T404643,,,N,,N
T404644,,,N,,N
T404645,,,N,,N
T404646,,,N,,Y
T404647,,,N,,Y
T404648,,,N,,N
T404649,,,N,,Y
T404650,WTY-BUYBACK,WTY-BUYBACK,N,932,N
T404651,,,N,,N
T404652,,,N,,Y
T404653,,,N,,Y
T404654,,,N,,N
T404655,,,N,,N
T404656,,,N,,N
T404657,,,N,,N
T404658,,,N,,N
T404659,,,N,,N
T404660,,,N,,Y
T404661,DOA-REPL,GW-OTHER,Y,6174,Y
T404662,,,N,,Y
T404663,DUP-PAYMENT,DUP-PAYMENT,N,2799,N
T404664,,,N,,Y
T404665,,,N,,N
T404666,,,N,,N
T404667,,,N,,N
T404668,,,N,,N
T404669,,,N,,N
T404670,,,N,,N
T404671,,,N,,N
T404672,,,N,,N
T404673,WTY-BUYBACK,WTY-BUYBACK,N,4140,N
T404674,,,N,,N
T404675,,,N,,N
T404676,,,N,,Y
T404677,,,N,,N
T404678,,,N,,Y
T404679,RETURN-QC-OK,RETURN-QC-OK,Y,1538,Y
T404680,DOA-REPL,GW-OTHER,N,6998,N
T404681,,,N,,N
T404682,DUP-PAYMENT,GW-OTHER,N,2799,N
T404683,,,N,,Y
T404684,,,N,,N
T404685,,,N,,Y
T404686,,,N,,N
T404687,,,N,,Y
T404688,,,N,,Y
T404689,,,N,,N
T404690,,,N,,N
T404691,,,N,,N
T404692,DOA-REPL,GW-OTHER,N,6499,N
T404693,,,N,,N
T404694,RETURN-QC-OK,GW-OTHER,N,1599,Y
T404695,CANCEL,GW-OTHER,N,2374,Y
T404696,,,N,,N
T404697,,,N,,N
T404698,DOA-REPL,GW-OTHER,Y,6499,Y
T404699,DOA-REPL,GW-OTHER,N,6999,N
T404700,,,N,,N
T404701,,,N,,N
T404702,,,N,,Y
T404703,,,N,,Y
T404704,,,N,,N
T404705,,,N,,N
T404706,,,N,,N
T404707,,,N,,N
T404708,,,N,,Y
T404709,,,N,,N
T404710,,,N,,N
T404711,,,N,,N
T404712,,,N,,Y
T404713,,,N,,N
T404714,,,N,,N
T404715,,,N,,N
T404716,,,N,,Y
T404717,RETURN-QC-OK,GW-OTHER,N,4749,N
T404718,,,N,,N
T404719,,,N,,Y
T404720,,,N,,N
T404721,DOA-REPL,GW-OTHER,N,6499,N
T404722,,,N,,N
T404723,,,N,,N
T404724,,,N,,Y
T404725,DOA-REPL,GW-OTHER,N,4749,N
T404726,LOST-TRANSIT,LOST-TRANSIT,N,3499,Y
T404727,DOA-REPL,DOA-REPL,N,3499,N
T404728,,,N,,N
T404729,,,N,,N
T404730,PRICE-ADJ,GW-OTHER,N,750,N
T404731,,,N,,N
T404732,,,N,,Y
T404733,,,N,,Y
T404734,,,N,,N
T404735,,,N,,Y
T404736,,,N,,N
T404737,CANCEL,CANCEL,N,4799,N
T404738,PRICE-ADJ,PRICE-ADJ,N,200,N
T404739,,,N,,Y
T404740,RETURN-QC-OK,GW-OTHER,N,1619,N
T404741,,,N,,N
T404742,,,N,,Y
T404743,,,N,,N
T404744,,,N,,N
T404745,,,N,,N
T404746,,,N,,Y
T404747,DOA-REPL,GW-OTHER,N,3499,Y
T404748,,,N,,N
T404749,,,N,,N
T404750,,,N,,Y
T404751,,,N,,N
T404752,,,N,,N
T404753,,,N,,Y
T404754,,,N,,N
T404755,DOA-REPL,GW-OTHER,Y,3149,Y
T404756,,,N,,Y
T404757,,,N,,N
T404758,,,N,,N
T404759,,,N,,N
T404760,,,N,,N
T404761,GW-OTHER,GW-OTHER,N,300,N
T404762,DOA-REPL,DOA-REPL,N,3499,N
T404763,,,N,,N
T404764,WTY-BUYBACK,GW-OTHER,N,685,N
T404765,DOA-REPL,GW-OTHER,N,2974,N
T404766,,,N,,Y
T404767,RETURN-QC-OK,GW-OTHER,N,2974,N
T404768,,,N,,N
T404769,DOA-REPL,GW-OTHER,N,2249,Y
T404770,CANCEL,CANCEL,N,2499,N
T404771,DOA-REPL,GW-OTHER,N,3324,N
T404772,LOST-TRANSIT,GW-OTHER,N,3499,Y
T404773,DUP-PAYMENT,GW-OTHER,N,2799,Y
T404774,,,N,,Y
T404775,,,N,,Y
T404776,,,N,,Y
T404777,,,N,,N
T404778,,,N,,N
T404779,,,N,,N
T404780,,,N,,N
T404781,,,N,,Y
T404782,,,N,,N
T404783,,,N,,N
T404784,,,N,,N
T404785,,,N,,Y
T404786,,,N,,N
T404787,,,N,,Y
T404788,,,N,,N
T404789,,,N,,Y
T404790,,,N,,N
T404791,,,N,,N
T404792,,,N,,N
T404793,,,N,,N
T404794,PRICE-ADJ,GW-OTHER,N,600,N
T404795,,,N,,N
T404796,,,N,,N
T404797,,,N,,N
T404798,,,N,,N
T404799,,,N,,N
T404800,,,N,,N
T404801,CANCEL,GW-OTHER,N,3999,Y
T404802,,,N,,Y
T404803,,,N,,Y
T404804,,,N,,N
T404805,,,N,,N
T404806,,,N,,N
T404807,GW-OTHER,GW-OTHER,N,400,Y
T404808,,,N,,N
T404809,,,N,,Y
T404810,,,N,,N
T404811,,,N,,N
T404812,,,N,,N
T404813,,,N,,N
T404814,,,N,,Y
T404815,,,N,,Y
T404816,,,N,,N
T404817,,,N,,N
T404818,,,N,,N
T404819,,,N,,N
T404820,,,N,,N
T404821,,,N,,N
T404822,,,N,,Y
T404823,,,N,,N
T404824,,,N,,Y
T404825,,,N,,Y
T404826,,,N,,N
T404827,,,N,,N
T404828,,,N,,N
T404829,,,N,,Y
T404830,,,N,,N
T404831,,,N,,N
T404832,RETURN-QC-OK,GW-OTHER,N,4799,N
T404833,,,N,,N
T404834,,,N,,N
T404835,,,N,,N
T404836,PRICE-ADJ,GW-OTHER,N,750,N
T404837,,,N,,N
T404838,DUP-PAYMENT,DUP-PAYMENT,N,6499,N
T404839,,,N,,N
T404840,,,N,,N
T404841,,,N,,N
T404842,,,N,,Y
T404843,,,N,,Y
T404844,,,N,,Y
T404845,,,N,,Y
T404846,GW-OTHER,GW-OTHER,N,800,N
T404847,,,N,,N
T404848,,,N,,Y
T404849,,,N,,N
T404850,,,N,,N
T404851,,,N,,N
T404852,,,N,,N
T404853,,,N,,N
T404854,,,N,,Y
T404855,,,N,,N
T404856,,,N,,N
T404857,,,N,,Y
T404858,WTY-BUYBACK,WTY-BUYBACK,N,764,N
T404859,,,N,,N
T404860,DOA-REPL,GW-OTHER,Y,3499,N
T404861,,,N,,N
T404862,DOA-REPL,DOA-REPL,N,2799,N
T404863,DOA-REPL,GW-OTHER,N,1799,Y
T404864,RETURN-QC-OK,RETURN-QC-OK,N,2249,N
T404865,DOA-REPL,GW-OTHER,N,3149,N
T404866,DOA-REPL,GW-OTHER,N,2799,Y
T404867,,,N,,N
T404868,,,N,,N
T404869,LOST-TRANSIT,DUP-PAYMENT,N,2374,Y
T404870,,,N,,N
T404871,GW-OTHER,GW-OTHER,N,250,Y
T404872,,,N,,N
T404873,,,N,,N
T404874,WTY-BUYBACK,WTY-BUYBACK,N,5113,N
T404875,,,N,,N
T404876,,,N,,N
T404877,,,N,,N
T404878,,,N,,N
T404879,,,N,,N
T404880,,,N,,Y
T404881,,,N,,N
T404882,,,N,,N
T404883,,,N,,N
T404884,,,N,,N
T404885,,,N,,N
T404886,,,N,,N
T404887,,,N,,Y
T404888,,,N,,N
T404889,RETURN-QC-OK,GW-OTHER,Y,6499,Y
T404890,,,N,,N
T404891,,,N,,N
T404892,,,N,,N
T404893,CANCEL,GW-OTHER,N,2124,Y
T404894,,,N,,Y
T404895,,,N,,N
T404896,,,N,,N
T404897,,,N,,N
T404898,,,N,,N
T404899,,,N,,N
T404900,,,N,,N
T404901,,,N,,N
T404902,,,N,,N
T404903,,,N,,Y
T404904,CANCEL,CANCEL,N,4999,Y
T404905,PRICE-ADJ,GW-OTHER,N,300,Y
T404906,,,N,,N
T404907,,,N,,N
T404908,,,N,,N
T404909,,,N,,N
T404910,WTY-BUYBACK,WTY-BUYBACK,N,1450,Y
T404911,,,N,,Y
T404912,,,N,,Y
T404913,,,N,,N
T404914,,,N,,Y
T404915,CANCEL,CANCEL,N,3324,Y
T404916,,,N,,N
T404917,DOA-REPL,GW-OTHER,Y,2499,N
T404918,,,N,,Y
T404919,,,N,,Y
T404920,,,N,,N
T404921,LOST-TRANSIT,LOST-TRANSIT,Y,1799,Y
T404922,PRICE-ADJ,PRICE-ADJ,N,200,N
T404923,,,N,,Y
T404924,,,N,,Y
T404925,,,N,,Y
T404926,,,N,,Y
T404927,PRICE-ADJ,PRICE-ADJ,N,600,Y
T404928,,,N,,N
T404929,LOST-TRANSIT,GW-OTHER,Y,3149,N
T404930,CANCEL,CANCEL,N,3499,Y
T404931,,,N,,N
T404932,,,N,,Y
T404933,,,N,,N
T404934,,,N,,N
T404935,,,N,,N
T404936,,,N,,Y
T404937,,,N,,N
T404938,RETURN-QC-OK,GW-OTHER,N,5849,Y
T404939,,,N,,N
T404940,,,N,,N
T404941,,,N,,Y
T404942,,,N,,Y
T404943,,,N,,N
T404944,,,N,,N
T404945,,,N,,N
T404946,,,N,,Y
T404947,,,N,,Y
T404948,,,N,,N
T404949,,,N,,N
T404950,,,N,,N
T404951,,,N,,N
T404952,,,N,,N
T404953,,,N,,N
T404954,,,N,,N
T404955,,,N,,Y
T404956,,,N,,N
T404957,,,N,,N
T404958,,,N,,N
T404959,,,N,,N
T404960,,,N,,N
T404961,,,N,,Y
T404962,DOA-REPL,DOA-REPL,N,6174,N
T404963,GW-OTHER,GW-OTHER,N,500,N
T404964,,,N,,Y
T404965,,,N,,Y
T404966,,,N,,Y
T404967,,,N,,Y
T404968,RETURN-QC-OK,GW-OTHER,Y,6499,Y
T404969,,,N,,N
T404970,RETURN-QC-OK,GW-OTHER,N,3149,Y
T404971,DOA-REPL,GW-OTHER,N,2974,N
T404972,,,N,,Y
T404973,,,N,,Y
T404974,,,N,,N
T404975,WTY-BUYBACK,GW-OTHER,N,1508,N
T404976,,,N,,Y
T404977,DOA-REPL,GW-OTHER,N,2249,Y
T404978,,,N,,N
T404979,,,N,,N
T404980,,,N,,Y
T404981,,,N,,N
T404982,,,N,,N
T404983,,,N,,N
T404984,,,N,,N
T404985,RETURN-QC-OK,RETURN-QC-OK,N,4749,Y
T404986,,,N,,N
T404987,,,N,,N
T404988,,,N,,Y
T404989,,,N,,Y
T404990,,,N,,N
T404991,,,N,,Y
T404992,,,N,,Y
T404993,,,N,,N
T404994,,,N,,N
T404995,,,N,,N
T404996,,,N,,Y
T404997,,,N,,Y
T404998,,,N,,N
T404999,,,N,,Y
T405000,,,N,,N
T405001,PRICE-ADJ,PRICE-ADJ,N,500,N
T405002,,,N,,Y
T405003,LOST-TRANSIT,GW-OTHER,N,3149,N
T405004,,,N,,N
T405005,,,N,,N
T405006,,,N,,Y
T405007,,,N,,N
T405008,,,N,,N
T405009,,,N,,N
T405010,,,N,,N
T405011,RETURN-QC-OK,GW-OTHER,N,798,Y
T405012,,,N,,Y
T405013,DOA-REPL,GW-OTHER,N,3324,Y
T405014,,,N,,Y
T405015,LOST-TRANSIT,GW-OTHER,Y,1799,N
T405016,,,N,,N
T405017,,,N,,N
T405018,,,N,,N
T405019,,,N,,N
T405020,,,N,,Y
T405021,,,N,,N
T405022,,,N,,Y
T405023,,,N,,N
T405024,,,N,,N
T405025,,,N,,Y
T405026,,,N,,N
T405027,,,N,,N
T405028,,,N,,Y
T405029,,,N,,Y
T405030,RETURN-QC-OK,GW-OTHER,Y,2249,N
T405031,DOA-REPL,DOA-REPL,N,1104,Y
T405032,,,N,,N
T405033,,,N,,N
T405034,,,N,,N
T405035,,,N,,N
T405036,,,N,,Y
T405037,,,N,,N
T405038,,,N,,Y
T405039,,,N,,N
T405040,,,N,,Y
T405041,,,N,,N
T405042,,,N,,N
T405043,,,N,,N
T405044,DOA-REPL,GW-OTHER,N,1799,Y
T405045,,,N,,N
T405046,,,N,,N
T405047,,,N,,N
T405048,,,N,,Y
T405049,,,N,,N
T405050,,,N,,N
T405051,CANCEL,GW-OTHER,N,3499,Y
T405052,,,N,,N
T405053,,,N,,N
T405054,,,N,,Y
T405055,,,N,,Y
T405056,,,N,,N
T405057,,,N,,Y
T405058,,,N,,Y
T405059,,,N,,N
T405060,,,N,,N
T405061,,,N,,N
T405062,,,N,,N
T405063,,,N,,N
T405064,,,N,,N
T405065,,,N,,N
T405066,,,N,,N
T405067,,,N,,Y
T405068,,,N,,N
T405069,,,N,,N
T405070,,,N,,N
T405071,RETURN-QC-OK,GW-OTHER,N,6299,Y
T405072,,,N,,N
T405073,,,N,,N
T405074,,,N,,N
T405075,,,N,,N
T405076,,,N,,Y
T405077,,,N,,Y
T405078,,,N,,N
T405079,,,N,,N
T405080,,,N,,N
T405081,DOA-REPL,DOA-REPL,N,3324,Y
T405082,DUP-PAYMENT,DUP-PAYMENT,N,6499,Y
T405083,,,N,,N
T405084,DOA-REPL,DOA-REPL,N,3499,N
T405085,,,N,,N
T405086,,,N,,Y
T405087,,,N,,N
T405088,,,N,,N
T405089,DOA-REPL,GW-OTHER,N,399,N
T405090,,,N,,N
T405091,,,N,,N
T405092,GW-OTHER,GW-OTHER,N,400,Y
T405093,,,N,,N
T405094,,,N,,Y
T405095,,,N,,Y
T405096,,,N,,Y
T405097,GW-OTHER,GW-OTHER,N,400,N
T405098,,,N,,N
T405099,CANCEL,CANCEL,N,1299,N
T405100,GW-OTHER,GW-OTHER,N,300,N
T405101,,,N,,N
T405102,,,N,,N
T405103,,,N,,N
T405104,,,N,,N
T405105,,,N,,N
T405106,,,N,,N
T405107,,,N,,N
T405108,,,N,,N
T405109,,,N,,N
T405110,DUP-PAYMENT,GW-OTHER,N,3598,Y
T405111,,,N,,N
T405112,,,N,,N
T405113,,,N,,N
T405114,,,N,,N
T405115,,,N,,N
T405116,,,N,,N
T405117,,,N,,N
T405118,,,N,,Y
T405119,,,N,,N
T405120,,,N,,N
T405121,,,N,,Y
T405122,,,N,,N
T405123,LOST-TRANSIT,GW-OTHER,N,1599,N
T405124,,,N,,Y
T405125,,,N,,Y
T405126,,,N,,N
T405127,,,N,,Y
T405128,,,N,,N
T405129,LOST-TRANSIT,LOST-TRANSIT,Y,6998,Y
T405130,,,N,,N
T405131,,,N,,N
T405132,,,N,,N
T405133,,,N,,Y
T405134,,,N,,Y
T405135,,,N,,N
T405136,,,N,,N
T405137,,,N,,Y
T405138,,,N,,Y
T405139,,,N,,N
T405140,,,N,,Y
T405141,,,N,,N
T405142,,,N,,N
T405143,,,N,,N
T405144,,,N,,N
T405145,,,N,,Y
T405146,DUP-PAYMENT,GW-OTHER,N,1529,Y
T405147,RETURN-QC-OK,GW-OTHER,Y,2974,N
T405148,,,N,,Y
T405149,DOA-REPL,GW-OTHER,N,2499,Y
T405150,,,N,,N
T405151,,,N,,Y
T405152,,,N,,Y
T405153,,,N,,N
T405154,,,N,,N
T405155,,,N,,Y
T405156,,,N,,N
T405157,,,N,,Y
T405158,,,N,,N
T405159,,,N,,N
T405160,,,N,,N
T405161,DUP-PAYMENT,WTY-BUYBACK,N,2468,Y
T405162,,,N,,N
T405163,,,N,,N
T405164,DOA-REPL,GW-OTHER,N,3324,N
T405165,,,N,,N
T405166,,,N,,N
T405167,,,N,,N
T405168,,,N,,Y
T405169,,,N,,Y
T405170,,,N,,Y
T405171,,,N,,N
T405172,,,N,,N
T405173,LOST-TRANSIT,GW-OTHER,N,5849,Y
T405174,RETURN-QC-OK,RETURN-QC-OK,Y,3149,N
T405175,,,N,,N
T405176,RETURN-QC-OK,RETURN-QC-OK,N,1799,N
T405177,,,N,,N
T405178,,,N,,N
T405179,,,N,,N
T405180,,,N,,N
T405181,,,N,,Y
T405182,,,N,,N
T405183,DOA-REPL,GW-OTHER,Y,3499,N
T405184,,,N,,N
T405185,,,N,,N
T405186,,,N,,N
T405187,DUP-PAYMENT,DUP-PAYMENT,N,1799,N
T405188,,,N,,N
T405189,LOST-TRANSIT,LOST-TRANSIT,N,1039,N
T405190,,,N,,Y
T405191,,,N,,N
T405192,,,N,,Y
T405193,,,N,,Y
T405194,,,N,,Y
T405195,,,N,,Y
T405196,LOST-TRANSIT,LOST-TRANSIT,N,1799,N
T405197,,,N,,N
T405198,,,N,,N
T405199,,,N,,N
T405200,,,N,,N
T405201,WTY-BUYBACK,GW-OTHER,N,1429,N
T405202,,,N,,N
T405203,,,N,,N
T405204,RETURN-QC-OK,GW-OTHER,N,2799,N
T405205,,,N,,Y
T405206,,,N,,N
T405207,,,N,,N
T405208,,,N,,N
T405209,,,N,,N
T405210,,,N,,Y
T405211,,,N,,N
T405212,,,N,,N
T405213,,,N,,N
T405214,,,N,,Y
T405215,,,N,,N
T405216,,,N,,N
T405217,,,N,,N
T405218,,,N,,N
T405219,LOST-TRANSIT,GW-OTHER,N,1799,Y
T405220,,,N,,Y
T405221,DUP-PAYMENT,DUP-PAYMENT,N,3499,Y
T405222,DOA-REPL,GW-OTHER,N,3324,N
T405223,DOA-REPL,GW-OTHER,N,2974,N
T405224,,,N,,N
T405225,CANCEL,GW-OTHER,N,2374,N
T405226,PRICE-ADJ,PRICE-ADJ,N,200,Y
T405227,,,N,,N
T405228,,,N,,N
T405229,,,N,,N
T405230,,,N,,Y
T405231,,,N,,N
T405232,PRICE-ADJ,GW-OTHER,N,200,Y
T405233,DOA-REPL,GW-OTHER,N,2124,Y
T405234,,,N,,N
T405235,,,N,,Y
T405236,,,N,,N
T405237,,,N,,N
T405238,,,N,,Y
T405239,,,N,,Y
T405240,,,N,,Y
T405241,,,N,,Y
T405242,,,N,,N
T405243,CANCEL,GW-OTHER,N,2799,Y
T405244,WTY-BUYBACK,GW-OTHER,N,864,N
T405245,RETURN-QC-OK,GW-OTHER,N,1999,N
T405246,,,N,,N
T405247,,,N,,N
T405248,,,N,,N
T405249,,,N,,N
T405250,,,N,,N
T405251,,,N,,Y
T405252,,,N,,Y
T405253,PRICE-ADJ,PRICE-ADJ,N,600,N
T405254,,,N,,N
T405255,,,N,,N
T405256,,,N,,N
T405257,DOA-REPL,GW-OTHER,N,3499,N
T405258,,,N,,N
T405259,,,N,,N
T405260,,,N,,N
T405261,,,N,,Y
T405262,,,N,,Y
T405263,,,N,,N
T405264,,,N,,N
T405265,,,N,,N
T405266,DOA-REPL,GW-OTHER,N,2974,N
T405267,,,N,,Y
T405268,,,N,,N
T405269,CANCEL,CANCEL,N,2374,N
T405270,,,N,,N
T405271,,,N,,Y
T405272,,,N,,N
T405273,,,N,,N
T405274,,,N,,N
T405275,RETURN-QC-OK,RETURN-QC-OK,N,2499,N
T405276,,,N,,N
T405277,,,N,,Y
T405278,RETURN-QC-OK,GW-OTHER,N,5039,N
T405279,DOA-REPL,GW-OTHER,N,1199,Y
T405280,,,N,,N
T405281,,,N,,Y
T405282,,,N,,N
T405283,,,N,,Y
T405284,,,N,,Y
T405285,,,N,,N
T405286,,,N,,N
T405287,DOA-REPL,GW-OTHER,N,3149,Y
T405288,,,N,,N
T405289,,,N,,Y
T405290,DUP-PAYMENT,DUP-PAYMENT,N,2499,N
T405291,,,N,,Y
T405292,,,N,,N
T405293,,,N,,N
T405294,,,N,,Y
T405295,,,N,,N
T405296,DOA-REPL,DOA-REPL,N,2374,Y
T405297,,,N,,N
T405298,,,N,,N
T405299,,,N,,N
T405300,CANCEL,GW-OTHER,N,2499,N
T405301,,,N,,N
T405302,,,N,,N
T405303,WTY-BUYBACK,WTY-BUYBACK,N,244,N
T405304,,,N,,N
T405305,DOA-REPL,GW-OTHER,N,3499,N
T405306,,,N,,N
T405307,RETURN-QC-OK,GW-OTHER,N,12998,Y
T405308,,,N,,Y
T405309,,,N,,Y
T405310,,,N,,N
T405311,,,N,,N
T405312,,,N,,N
T405313,DUP-PAYMENT,GW-OTHER,N,4999,N
T405314,,,N,,N
T405315,,,N,,N
T405316,,,N,,N
T405317,RETURN-QC-OK,GW-OTHER,Y,6499,N
T405318,,,N,,N
T405319,,,N,,N
T405320,RETURN-QC-OK,PRICE-ADJ,N,1709,N
T405321,DOA-REPL,DOA-REPL,N,4249,N
T405322,,,N,,N
T405323,CANCEL,CANCEL,N,2499,N
T405324,,,N,,N
T405325,,,N,,Y
T405326,,,N,,N
T405327,,,N,,N
T405328,,,N,,N
T405329,LOST-TRANSIT,GW-OTHER,N,2799,Y
T405330,LOST-TRANSIT,GW-OTHER,N,4499,N
T405331,,,N,,Y
T405332,,,N,,Y
T405333,,,N,,N
T405334,PRICE-ADJ,GW-OTHER,N,750,Y
T405335,,,N,,N
T405336,,,N,,Y
T405337,RETURN-QC-OK,RETURN-QC-OK,N,2499,N
T405338,,,N,,N
T405339,,,N,,Y
T405340,,,N,,Y
T405341,,,N,,N
T405342,,,N,,N
T405343,,,N,,N
T405344,DOA-REPL,GW-OTHER,Y,1999,N
T405345,,,N,,N
T405346,,,N,,N
T405347,,,N,,N
T405348,DOA-REPL,GW-OTHER,N,1999,N
T405349,,,N,,N
T405350,,,N,,N
T405351,,,N,,N
T405352,,,N,,N
T405353,,,N,,Y
T405354,,,N,,N
T405355,,,N,,N
T405356,,,N,,N
T405357,,,N,,Y
T405358,,,N,,N
T405359,,,N,,N
T405360,,,N,,Y
T405361,,,N,,N
T405362,,,N,,N
T405363,,,N,,N
T405364,DOA-REPL,GW-OTHER,N,11998,N
T405365,,,N,,N
T405366,,,N,,N
T405367,,,N,,N
T405368,,,N,,Y
T405369,LOST-TRANSIT,GW-OTHER,Y,5199,N
T405370,,,N,,Y
T405371,,,N,,Y
T405372,RETURN-QC-OK,GW-OTHER,N,12348,N
T405373,,,N,,N
T405374,,,N,,N
T405375,,,N,,N
T405376,,,N,,N
T405377,,,N,,Y
T405378,,,N,,N
T405379,,,N,,N
T405380,,,N,,N
T405381,,,N,,Y
T405382,,,N,,Y
T405383,,,N,,Y
T405384,,,N,,Y
T405385,,,N,,N
T405386,,,N,,Y
T405387,DOA-REPL,DOA-REPL,N,2499,Y
T405388,CANCEL,GW-OTHER,N,3198,N
T405389,,,N,,N
T405390,,,N,,N
T405391,,,N,,Y
T405392,,,N,,Y
T405393,,,N,,N
T405394,,,N,,N
T405395,,,N,,Y
T405396,,,N,,N
T405397,RETURN-QC-OK,GW-OTHER,N,1039,N
T405398,,,N,,N
T405399,LOST-TRANSIT,GW-OTHER,N,2974,N
T405400,,,N,,N
T405401,,,N,,Y
T405402,,,N,,N
T405403,,,N,,N
T405404,RETURN-QC-OK,GW-OTHER,N,1999,N
T405405,,,N,,Y
T405406,,,N,,N
T405407,,,N,,N
T405408,RETURN-QC-OK,GW-OTHER,N,5849,N
T405409,,,N,,Y
T405410,,,N,,Y
T405411,,,N,,N
T405412,CANCEL,CANCEL,N,5524,N
T405413,,,N,,N
T405414,,,N,,N
T405415,,,N,,N
T405416,,,N,,N
T405417,,,N,,Y
T405418,,,N,,N
T405419,,,N,,N
T405420,,,N,,N
T405421,GW-OTHER,GW-OTHER,N,250,N
T405422,,,N,,Y
T405423,,,N,,N
T405424,DOA-REPL,GW-OTHER,N,3149,N
T405425,DUP-PAYMENT,DUP-PAYMENT,N,5849,Y
T405426,,,N,,N
T405427,,,N,,Y
T405428,,,N,,N
T405429,,,N,,N
T405430,,,N,,Y
T405431,,,N,,N
T405432,,,N,,Y
T405433,,,N,,N
T405434,,,N,,Y
T405435,,,N,,N
T405436,CANCEL,CANCEL,N,6499,N
T405437,,,N,,N
T405438,,,N,,N
T405439,,,N,,N
T405440,,,N,,N
T405441,,,N,,N
T405442,,,N,,Y
T405443,,,N,,N
T405444,WTY-BUYBACK,WTY-BUYBACK,N,1306,N
T405445,,,N,,N
T405446,,,N,,N
T405447,,,N,,N
T405448,DOA-REPL,GW-OTHER,N,3499,Y
T405449,,,N,,Y
T405450,CANCEL,CANCEL,N,2249,Y
T405451,,,N,,N
T405452,DOA-REPL,GW-OTHER,N,3499,N
T405453,,,N,,N
T405454,DUP-PAYMENT,DUP-PAYMENT,N,2124,N
T405455,,,N,,Y
T405456,,,N,,Y
T405457,,,N,,Y
T405458,,,N,,Y
T405459,DOA-REPL,GW-OTHER,N,3499,Y
T405460,,,N,,N
T405461,,,N,,N
T405462,RETURN-QC-OK,GW-OTHER,Y,3499,N
T405463,LOST-TRANSIT,LOST-TRANSIT,N,2499,N
T405464,,,N,,Y
T405465,DOA-REPL,GW-OTHER,N,6499,Y
T405466,,,N,,N
T405467,DOA-REPL,DOA-REPL,N,3499,Y
T405468,,,N,,N
T405469,,,N,,N
T405470,RETURN-QC-OK,GW-OTHER,N,2499,Y
T405471,,,N,,Y
T405472,,,N,,N
T405473,,,N,,N
T405474,,,N,,Y
T405475,GW-OTHER,GW-OTHER,N,350,Y
T405476,,,N,,N
T405477,,,N,,N
T405478,GW-OTHER,GW-OTHER,N,500,Y
T405479,,,N,,N
T405480,WTY-BUYBACK,WTY-BUYBACK,N,705,N
T405481,CANCEL,GW-OTHER,N,2249,N
T405482,,,N,,N
T405483,,,N,,N
T405484,,,N,,N
T405485,,,N,,N
T405486,,,N,,Y
T405487,RETURN-QC-OK,RETURN-QC-OK,N,2974,Y
T405488,,,N,,N
T405489,,,N,,N
T405490,,,N,,N
T405491,,,N,,N
T405492,RETURN-QC-OK,RETURN-QC-OK,N,3324,N
T405493,,,N,,N
T405494,DOA-REPL,GW-OTHER,N,3499,N
T405495,,,N,,N
T405496,,,N,,N
T405497,PRICE-ADJ,GW-OTHER,N,300,Y
T405498,,,N,,N
T405499,DUP-PAYMENT,DUP-PAYMENT,N,2124,N
T405500,DOA-REPL,DOA-REPL,Y,3149,N
T405501,DOA-REPL,DOA-REPL,N,1299,N
T405502,,,N,,Y
T405503,,,N,,N
T405504,,,N,,Y
T405505,,,N,,N
T405506,,,N,,Y
T405507,WTY-BUYBACK,GW-OTHER,N,1521,N
T405508,GW-OTHER,GW-OTHER,N,200,Y
T405509,,,N,,N
T405510,,,N,,N
T405511,,,N,,N
T405512,,,N,,N
T405513,,,N,,N
T405514,,,N,,N
T405515,,,N,,Y
T405516,GW-OTHER,GW-OTHER,N,250,N
T405517,,,N,,Y
T405518,CANCEL,GW-OTHER,N,3499,Y
T405519,,,N,,N
T405520,,,N,,N
T405521,DOA-REPL,DOA-REPL,N,5849,N
T405522,,,N,,N
T405523,,,N,,N
T405524,CANCEL,CANCEL,N,5524,N
T405525,RETURN-QC-OK,GW-OTHER,N,6299,N
T405526,PRICE-ADJ,PRICE-ADJ,N,100,N
T405527,,,N,,N
T405528,,,N,,N
T405529,DOA-REPL,GW-OTHER,Y,1999,N
T405530,DOA-REPL,DOA-REPL,N,5999,N
T405531,,,N,,N
T405532,CANCEL,CANCEL,N,6499,N
T405533,,,N,,N
T405534,,,N,,Y
T405535,,,N,,N
T405536,DOA-REPL,GW-OTHER,N,2374,N
T405537,,,N,,N
T405538,,,N,,Y
T405539,RETURN-QC-OK,GW-OTHER,N,2499,N
T405540,,,N,,N
T405541,,,N,,Y
T405542,,,N,,N
T405543,,,N,,N
T405544,GW-OTHER,GW-OTHER,N,150,Y
T405545,,,N,,N
T405546,,,N,,N
T405547,,,N,,N
T405548,,,N,,Y
T405549,,,N,,Y
T405550,,,N,,N
T405551,PRICE-ADJ,GW-OTHER,N,100,N
T405552,,,N,,N
T405553,,,N,,Y
T405554,,,N,,Y
T405555,,,N,,N
T405556,,,N,,Y
T405557,,,N,,N
T405558,PRICE-ADJ,GW-OTHER,N,100,N
T405559,DUP-PAYMENT,DUP-PAYMENT,N,3499,Y
T405560,CANCEL,CANCEL,N,6999,Y
T405561,,,N,,N
T405562,,,N,,Y
T405563,,,N,,N
T405564,,,N,,N
T405565,CANCEL,CANCEL,N,3499,N
T405566,,,N,,N
T405567,,,N,,Y
T405568,,,N,,Y
T405569,,,N,,Y
T405570,DOA-REPL,GW-OTHER,N,1999,N
T405571,,,N,,Y
T405572,,,N,,Y
T405573,CANCEL,CANCEL,N,5099,N
T405574,,,N,,N
T405575,GW-OTHER,GW-OTHER,N,500,Y
T405576,,,N,,Y
T405577,,,N,,N
T405578,PRICE-ADJ,PRICE-ADJ,N,500,N
T405579,,,N,,N
T405580,RETURN-QC-OK,RETURN-QC-OK,N,2249,N
T405581,,,N,,N
T405582,,,N,,Y
T405583,,,N,,N
T405584,,,N,,Y
T405585,,,N,,Y
T405586,,,N,,Y
T405587,,,N,,N
T405588,,,N,,N
T405589,,,N,,N
T405590,,,N,,Y
T405591,,,N,,N
T405592,,,N,,Y
T405593,,,N,,N
T405594,,,N,,Y
T405595,DOA-REPL,GW-OTHER,N,718,N
T405596,,,N,,N
T405597,,,N,,N
T405598,,,N,,N
T405599,DOA-REPL,GW-OTHER,N,5949,N
T405600,,,N,,N
T405601,CANCEL,DUP-PAYMENT,N,6999,N
T405602,,,N,,N
T405603,,,N,,N
T405604,,,N,,N
T405605,,,N,,Y
T405606,,,N,,Y
T405607,DOA-REPL,DOA-REPL,N,1709,Y
T405608,,,N,,Y
T405609,DOA-REPL,GW-OTHER,N,2499,Y
T405610,,,N,,N
T405611,,,N,,Y
T405612,,,N,,Y
T405613,,,N,,Y
T405614,RETURN-QC-OK,RETURN-QC-OK,Y,3149,N
T405615,LOST-TRANSIT,GW-OTHER,N,5849,N
T405616,,,N,,N
T405617,,,N,,N
T405618,,,N,,N
T405619,,,N,,N
T405620,,,N,,N
T405621,,,N,,Y
T405622,DOA-REPL,DOA-REPL,N,3149,N
T405623,,,N,,Y
T405624,,,N,,N
T405625,,,N,,N
T405626,,,N,,Y
T405627,,,N,,N
T405628,CANCEL,GW-OTHER,N,2374,Y
T405629,GW-OTHER,GW-OTHER,N,250,Y
T405630,,,N,,N
T405631,PRICE-ADJ,GW-OTHER,N,200,Y
T405632,,,N,,Y
T405633,,,N,,N
T405634,,,N,,N
T405635,,,N,,N
T405636,,,N,,Y
T405637,,,N,,N
T405638,,,N,,Y
T405639,,,N,,N
T405640,,,N,,Y
T405641,,,N,,N
T405642,DUP-PAYMENT,DUP-PAYMENT,N,6649,Y
T405643,LOST-TRANSIT,LOST-TRANSIT,N,1799,N
T405644,,,N,,N
T405645,,,N,,N
T405646,,,N,,N
T405647,,,N,,Y
T405648,DOA-REPL,GW-OTHER,N,1439,Y
T405649,DOA-REPL,GW-OTHER,Y,4999,N
T405650,,,N,,Y
T405651,,,N,,N
T405652,,,N,,N
T405653,,,N,,Y
T405654,,,N,,Y
T405655,,,N,,N
T405656,,,N,,N
T405657,,,N,,Y
T405658,,,N,,Y
T405659,,,N,,N
T405660,,,N,,N
T405661,,,N,,Y
T405662,,,N,,Y
T405663,,,N,,Y
T405664,,,N,,N
T405665,,,N,,N
T405666,,,N,,N
T405667,,,N,,N
T405668,PRICE-ADJ,PRICE-ADJ,N,500,N
T405669,,,N,,N
T405670,,,N,,N
T405671,RETURN-QC-OK,GW-OTHER,N,5849,N
T405672,,,N,,Y
T405673,,,N,,N
T405674,,,N,,N
T405675,,,N,,N
T405676,,,N,,Y
T405677,,,N,,N
T405678,,,N,,N
T405679,,,N,,Y
T405680,RETURN-QC-OK,GW-OTHER,N,2249,N
T405681,RETURN-QC-OK,GW-OTHER,Y,2519,N
T405682,,,N,,Y
T405683,RETURN-QC-OK,GW-OTHER,N,1169,N
T405684,,,N,,N
T405685,,,N,,Y
T405686,,,N,,N
T405687,,,N,,Y
T405688,,,N,,N
T405689,,,N,,Y
T405690,,,N,,N
T405691,,,N,,N
T405692,,,N,,N
T405693,,,N,,N
T405694,,,N,,Y
T405695,,,N,,Y
T405696,PRICE-ADJ,GW-OTHER,N,100,N
T405697,,,N,,N
T405698,,,N,,N
T405699,,,N,,N
T405700,,,N,,N
T405701,,,N,,N
T405702,,,N,,Y
T405703,,,N,,N
T405704,DOA-REPL,GW-OTHER,N,1999,N
T405705,,,N,,N
T405706,,,N,,N
T405707,,,N,,N
T405708,,,N,,N
T405709,,,N,,N
T405710,,,N,,N
T405711,,,N,,N
T405712,,,N,,N
T405713,LOST-TRANSIT,LOST-TRANSIT,N,718,Y
T405714,,,N,,Y
T405715,,,N,,N
T405716,,,N,,N
T405717,,,N,,N
T405718,,,N,,Y
T405719,,,N,,Y
T405720,WTY-BUYBACK,GW-OTHER,N,2067,N
T405721,,,N,,N
T405722,PRICE-ADJ,PRICE-ADJ,N,600,N
T405723,,,N,,Y
T405724,,,N,,N
T405725,,,N,,N
T405726,,,N,,N
T405727,RETURN-QC-OK,GW-OTHER,Y,6998,N
T405728,,,N,,Y
T405729,,,N,,Y
T405730,,,N,,Y
T405731,,,N,,Y
T405732,,,N,,N
T405733,DUP-PAYMENT,DUP-PAYMENT,N,4248,Y
T405734,,,N,,N
T405735,,,N,,N
T405736,,,N,,N
T405737,,,N,,N
T405738,,,N,,N
T405739,DOA-REPL,GW-OTHER,Y,399,Y
T405740,,,N,,N
T405741,,,N,,N
T405742,,,N,,Y
T405743,CANCEL,GW-OTHER,N,3149,N
T405744,DOA-REPL,DOA-REPL,N,4999,N
T405745,,,N,,N
T405746,,,N,,N
T405747,,,N,,N
T405748,,,N,,N
T405749,,,N,,N
T405750,,,N,,N
T405751,RETURN-QC-OK,GW-OTHER,N,2992,Y
T405752,,,N,,N
T405753,,,N,,N
T405754,WTY-BUYBACK,WTY-BUYBACK,N,2293,N
T405755,,,N,,Y
T405756,,,N,,Y
T405757,,,N,,Y
T405758,,,N,,Y
T405759,DOA-REPL,GW-OTHER,Y,5524,Y
T405760,,,N,,Y
T405761,,,N,,Y
T405762,,,N,,N
T405763,DOA-REPL,GW-OTHER,N,3499,N
T405764,,,N,,N
T405765,,,N,,N
T405766,,,N,,Y
T405767,,,N,,N
T405768,PRICE-ADJ,PRICE-ADJ,N,750,N
T405769,GW-OTHER,GW-OTHER,N,400,N
T405770,,,N,,N
T405771,,,N,,N
T405772,,,N,,N
T405773,,,N,,Y
T405774,,,N,,N
T405775,,,N,,Y
T405776,,,N,,Y
T405777,,,N,,N
T405778,GW-OTHER,GW-OTHER,N,300,N
T405779,,,N,,Y
T405780,,,N,,Y
T405781,GW-OTHER,GW-OTHER,N,350,Y
T405782,,,N,,N
T405783,,,N,,N
T405784,,,N,,N
T405785,,,N,,Y
T405786,,,N,,Y
T405787,,,N,,N
T405788,RETURN-QC-OK,RETURN-QC-OK,N,3499,Y
T405789,,,N,,N
T405790,DOA-REPL,GW-OTHER,N,1299,Y
T405791,,,N,,N
T405792,,,N,,N
T405793,,,N,,Y
T405794,,,N,,Y
T405795,RETURN-QC-OK,GW-OTHER,N,5948,Y
T405796,RETURN-QC-OK,GW-OTHER,N,2124,Y
T405797,,,N,,N
T405798,,,N,,Y
T405799,RETURN-QC-OK,RETURN-QC-OK,N,3998,N
T405800,,,N,,N
T405801,RETURN-QC-OK,GW-OTHER,N,6499,Y
T405802,,,N,,N
T405803,,,N,,N
T405804,,,N,,N
T405805,PRICE-ADJ,PRICE-ADJ,N,750,Y
T405806,,,N,,N
T405807,,,N,,N
T405808,WTY-BUYBACK,GW-OTHER,N,973,N
T405809,,,N,,Y
T405810,,,N,,N
T405811,,,N,,Y
T405812,LOST-TRANSIT,LOST-TRANSIT,N,5598,N
T405813,RETURN-QC-OK,GW-OTHER,Y,1299,Y
T405814,,,N,,Y
T405815,,,N,,Y
T405816,,,N,,N
T405817,,,N,,N
T405818,,,N,,Y
T405819,,,N,,Y
T405820,,,N,,N
T405821,DOA-REPL,GW-OTHER,Y,6499,Y
T405822,,,N,,N
T405823,,,N,,N
T405824,,,N,,Y
T405825,,,N,,Y
T405826,,,N,,N
T405827,,,N,,N
T405828,PRICE-ADJ,GW-OTHER,N,500,Y
T405829,,,N,,Y
T405830,,,N,,Y
T405831,DOA-REPL,DOA-REPL,Y,2499,Y
T405832,DOA-REPL,GW-OTHER,N,2799,Y
T405833,,,N,,N
T405834,,,N,,N
T405835,,,N,,N
T405836,,,N,,N
T405837,,,N,,N
T405838,,,N,,N
T405839,,,N,,Y
T405840,,,N,,N
T405841,,,N,,N
T405842,DOA-REPL,DOA-REPL,N,2249,N
T405843,,,N,,N
T405844,,,N,,Y
T405845,RETURN-QC-OK,GW-OTHER,N,3149,Y
T405846,,,N,,Y
T405847,,,N,,N
T405848,,,N,,Y
T405849,,,N,,N
T405850,,,N,,N
T405851,,,N,,N
T405852,,,N,,N
T405853,WTY-BUYBACK,WTY-BUYBACK,N,1959,N
T405854,,,N,,N
T405855,,,N,,N
T405856,,,N,,N
T405857,,,N,,N
T405858,,,N,,N
T405859,,,N,,Y
T405860,,,N,,N
T405861,CANCEL,GW-OTHER,N,6499,Y
T405862,,,N,,Y
T405863,,,N,,N
T405864,,,N,,N
T405865,,,N,,Y
T405866,RETURN-QC-OK,GW-OTHER,N,2499,Y
T405867,,,N,,Y
T405868,,,N,,N
T405869,,,N,,Y
T405870,,,N,,N
T405871,,,N,,N
T405872,,,N,,Y
T405873,DOA-REPL,GW-OTHER,N,3324,N
T405874,,,N,,N
T405875,,,N,,Y
T405876,,,N,,Y
T405877,,,N,,Y
T405878,,,N,,N
T405879,,,N,,N
T405880,,,N,,Y
T405881,,,N,,N
T405882,,,N,,N
T405883,RETURN-QC-OK,RETURN-QC-OK,N,5999,N
T405884,DOA-REPL,GW-OTHER,N,1299,N
T405885,,,N,,N
T405886,,,N,,N
T405887,CANCEL,CANCEL,N,6499,N
T405888,,,N,,N
T405889,,,N,,N
T405890,,,N,,N
T405891,RETURN-QC-OK,RETURN-QC-OK,N,1709,Y
T405892,DUP-PAYMENT,DUP-PAYMENT,N,2374,N
T405893,,,N,,Y
T405894,,,N,,N
T405895,,,N,,N
T405896,,,N,,N
T405897,,,N,,N
T405898,,,N,,N
T405899,,,N,,N
T405900,,,N,,N
T405901,,,N,,Y
T405902,,,N,,Y
T405903,,,N,,Y
T405904,,,N,,N
T405905,,,N,,N
T405906,,,N,,N
T405907,DOA-REPL,DOA-REPL,N,3499,N
T405908,,,N,,N
T405909,LOST-TRANSIT,GW-OTHER,N,3324,N
T405910,,,N,,Y
T405911,,,N,,N
T405912,,,N,,N
T405913,,,N,,N
T405914,,,N,,N
T405915,,,N,,Y
T405916,RETURN-QC-OK,GW-OTHER,N,2992,N
T405917,LOST-TRANSIT,GW-OTHER,N,6999,Y
T405918,,,N,,Y
T405919,,,N,,N
T405920,,,N,,Y
T405921,,,N,,N
T405922,,,N,,N
T405923,,,N,,N
T405924,,,N,,N
T405925,,,N,,N
T405926,,,N,,Y
T405927,,,N,,N
T405928,,,N,,Y
T405929,,,N,,Y
T405930,,,N,,Y
T405931,PRICE-ADJ,GW-OTHER,N,100,Y
T405932,,,N,,N
T405933,,,N,,Y
T405934,,,N,,N
T405935,,,N,,Y
T405936,,,N,,Y
T405937,RETURN-QC-OK,GW-OTHER,N,3499,N
T405938,,,N,,Y
T405939,,,N,,Y
T405940,,,N,,N
T405941,,,N,,N
T405942,WTY-BUYBACK,GW-OTHER,N,1433,N
T405943,,,N,,N
T405944,,,N,,N
T405945,,,N,,N
T405946,,,N,,Y
T405947,,,N,,Y
T405948,,,N,,Y
T405949,,,N,,Y
T405950,,,N,,N
T405951,,,N,,N
T405952,RETURN-QC-OK,GW-OTHER,N,3499,N
T405953,WTY-BUYBACK,WTY-BUYBACK,N,875,N
T405954,,,N,,N
T405955,,,N,,N
T405956,,,N,,N
T405957,,,N,,Y
T405958,,,N,,N
T405959,WTY-BUYBACK,GW-OTHER,N,1262,N
T405960,WTY-BUYBACK,WTY-BUYBACK,N,3223,N
T405961,,,N,,N
T405962,,,N,,N
T405963,,,N,,N
T405964,,,N,,N
T405965,,,N,,N
T405966,,,N,,N
T405967,RETURN-QC-OK,GW-OTHER,N,6299,N
T405968,,,N,,Y
T405969,DOA-REPL,DOA-REPL,Y,6299,N
T405970,,,N,,N
T405971,LOST-TRANSIT,GW-OTHER,N,2974,Y
T405972,,,N,,N
T405973,,,N,,N
T405974,,,N,,Y
T405975,,,N,,N
T405976,,,N,,N
T405977,,,N,,Y
T405978,,,N,,N
T405979,,,N,,N
T405980,,,N,,N
T405981,,,N,,N
T405982,,,N,,N
T405983,,,N,,N
T405984,,,N,,N
T405985,,,N,,Y
T405986,,,N,,Y
T405987,RETURN-QC-OK,GW-OTHER,Y,3149,Y
T405988,DOA-REPL,GW-OTHER,N,6499,N
T405989,,,N,,N
T405990,WTY-BUYBACK,GW-OTHER,N,1982,Y
T405991,,,N,,N
T405992,,,N,,N
T405993,,,N,,N
T405994,RETURN-QC-OK,GW-OTHER,Y,3499,N
T405995,,,N,,N
T405996,,,N,,Y
T405997,PRICE-ADJ,PRICE-ADJ,N,300,N
T405998,,,N,,Y
T405999,,,N,,Y
T406000,CANCEL,GW-OTHER,N,1709,N
T406001,DOA-REPL,DOA-REPL,N,2974,N
T406002,,,N,,N
T406003,DOA-REPL,DOA-REPL,N,6499,N
T406004,DOA-REPL,DOA-REPL,N,4749,Y
T406005,LOST-TRANSIT,GW-OTHER,Y,1619,N
T406006,,,N,,N
T406007,GW-OTHER,GW-OTHER,N,250,N
T406008,,,N,,Y
T406009,,,N,,N
T406010,,,N,,N
T406011,,,N,,Y
T406012,,,N,,Y
T406013,,,N,,Y
T406014,,,N,,N
T406015,,,N,,Y
T406016,,,N,,N
T406017,,,N,,N
T406018,,,N,,Y
T406019,GW-OTHER,GW-OTHER,N,250,Y
T406020,RETURN-QC-OK,GW-OTHER,N,1709,Y
T406021,,,N,,N
T406022,,,N,,N
T406023,,,N,,N
T406024,,,N,,N
T406025,,,N,,N
T406026,,,N,,N
T406027,RETURN-QC-OK,GW-OTHER,N,2799,Y
T406028,,,N,,N
T406029,,,N,,N
T406030,,,N,,N
T406031,DOA-REPL,DOA-REPL,N,3499,N
T406032,,,N,,Y
T406033,,,N,,N
T406034,,,N,,N
T406035,,,N,,Y
T406036,,,N,,N
T406037,,,N,,N
T406038,,,N,,N
T406039,,,N,,N
T406040,DOA-REPL,DOA-REPL,Y,5999,Y
T406041,,,N,,N
T406042,WTY-BUYBACK,WTY-BUYBACK,N,833,N
T406043,,,N,,N
T406044,,,N,,Y
T406045,,,N,,N
T406046,,,N,,Y
T406047,,,N,,N
T406048,,,N,,N
T406049,,,N,,N
T406050,WTY-BUYBACK,WTY-BUYBACK,N,2638,Y
T406051,,,N,,N
T406052,,,N,,Y
T406053,,,N,,Y
T406054,,,N,,N
T406055,,,N,,Y
T406056,,,N,,Y
T406057,,,N,,Y
T406058,CANCEL,CANCEL,N,1299,N
T406059,RETURN-QC-OK,GW-OTHER,N,3499,N
T406060,,,N,,N
T406061,,,N,,N
T406062,,,N,,N
T406063,,,N,,Y
T406064,,,N,,N
T406065,,,N,,Y
T406066,,,N,,N
T406067,,,N,,N
T406068,,,N,,Y
T406069,,,N,,N
T406070,,,N,,N
T406071,RETURN-QC-OK,GW-OTHER,N,6499,N
T406072,,,N,,N
T406073,DOA-REPL,GW-OTHER,N,1499,N
T406074,,,N,,N
T406075,,,N,,Y
T406076,,,N,,N
T406077,,,N,,Y
T406078,,,N,,N
T406079,,,N,,N
T406080,,,N,,N
T406081,,,N,,Y
T406082,,,N,,N
T406083,,,N,,N
T406084,,,N,,N
T406085,DOA-REPL,GW-OTHER,N,5199,N
T406086,,,N,,Y
T406087,,,N,,N
T406088,,,N,,N
T406089,,,N,,N
T406090,,,N,,N
T406091,,,N,,Y
T406092,,,N,,Y
T406093,,,N,,N
T406094,,,N,,N
T406095,,,N,,Y
T406096,,,N,,N
T406097,,,N,,N
T406098,,,N,,N
T406099,,,N,,N
T406100,,,N,,Y
T406101,,,N,,N
T406102,,,N,,N
T406103,RETURN-QC-OK,GW-OTHER,N,2519,N
T406104,,,N,,N
T406105,,,N,,Y
T406106,,,N,,N
T406107,CANCEL,GW-OTHER,N,5524,N
T406108,,,N,,Y
T406109,,,N,,N
T406110,,,N,,N
T406111,,,N,,N
T406112,,,N,,Y
T406113,,,N,,N
T406114,,,N,,Y
T406115,,,N,,N
T406116,,,N,,N
T406117,,,N,,Y
T406118,,,N,,N
T406119,,,N,,N
T406120,,,N,,N
T406121,,,N,,N
T406122,,,N,,Y
T406123,,,N,,N
T406124,,,N,,Y
T406125,CANCEL,CANCEL,N,3149,Y
T406126,DOA-REPL,GW-OTHER,Y,1039,Y
T406127,,,N,,N
T406128,,,N,,Y
T406129,,,N,,Y
T406130,,,N,,N
T406131,,,N,,Y
T406132,,,N,,Y
T406133,,,N,,Y
T406134,,,N,,N
T406135,,,N,,N
T406136,,,N,,N
T406137,RETURN-QC-OK,RETURN-QC-OK,N,6499,N
T406138,,,N,,N
T406139,,,N,,N
T406140,RETURN-QC-OK,GW-OTHER,N,3149,N
T406141,,,N,,N
T406142,,,N,,N
T406143,,,N,,N
T406144,,,N,,N
T406145,,,N,,N
T406146,,,N,,N
T406147,,,N,,N
T406148,,,N,,N
T406149,,,N,,N
T406150,,,N,,Y
T406151,,,N,,N
T406152,,,N,,Y
T406153,,,N,,Y
T406154,,,N,,N
T406155,,,N,,N
T406156,DUP-PAYMENT,DUP-PAYMENT,N,6299,N
T406157,,,N,,Y
T406158,CANCEL,CANCEL,N,2499,N
T406159,,,N,,N
T406160,DOA-REPL,GW-OTHER,N,1799,N
T406161,RETURN-QC-OK,GW-OTHER,N,3149,Y
T406162,,,N,,N
T406163,,,N,,Y
T406164,,,N,,N
T406165,,,N,,N
T406166,,,N,,N
T406167,,,N,,N
T406168,,,N,,Y
T406169,,,N,,N
T406170,,,N,,Y
T406171,DOA-REPL,GW-OTHER,N,6174,N
T406172,,,N,,Y
T406173,PRICE-ADJ,GW-OTHER,N,600,Y
T406174,,,N,,N
T406175,,,N,,N
T406176,,,N,,N
T406177,PRICE-ADJ,PRICE-ADJ,N,200,N
T406178,,,N,,Y
T406179,,,N,,Y
T406180,,,N,,N
T406181,,,N,,N
T406182,,,N,,N
T406183,,,N,,N
T406184,,,N,,N
T406185,,,N,,N
T406186,,,N,,N
T406187,,,N,,N
T406188,,,N,,Y
T406189,,,N,,N
T406190,,,N,,N
T406191,,,N,,N
T406192,,,N,,N
T406193,,,N,,N
T406194,GW-OTHER,CANCEL,N,200,Y
T406195,,,N,,N
T406196,,,N,,N
T406197,,,N,,N
T406198,,,N,,N
T406199,,,N,,N
T406200,,,N,,N
T406201,,,N,,Y
T406202,,,N,,Y
T406203,,,N,,N
T406204,,,N,,N
T406205,,,N,,Y
T406206,,,N,,Y
T406207,DOA-REPL,GW-OTHER,Y,2974,N
T406208,,,N,,Y
T406209,,,N,,Y
T406210,,,N,,N
T406211,,,N,,N
T406212,GW-OTHER,GW-OTHER,N,200,Y
T406213,,,N,,N
T406214,,,N,,Y
T406215,,,N,,Y
T406216,DOA-REPL,DOA-REPL,N,3149,N
T406217,,,N,,N
T406218,,,N,,N
T406219,,,N,,N
T406220,,,N,,Y
T406221,DOA-REPL,DOA-REPL,Y,2499,N
T406222,,,N,,N
T406223,,,N,,N
T406224,,,N,,N
T406225,,,N,,N
T406226,,,N,,N
T406227,,,N,,N
T406228,,,N,,Y
T406229,DOA-REPL,GW-OTHER,N,5699,N
T406230,CANCEL,CANCEL,N,3324,Y
T406231,,,N,,N
T406232,,,N,,N
T406233,,,N,,N
T406234,,,N,,Y
T406235,,,N,,N
T406236,,,N,,Y
T406237,,,N,,N
T406238,,,N,,Y
T406239,,,N,,N
T406240,,,N,,Y
T406241,RETURN-QC-OK,GW-OTHER,N,1299,N
T406242,LOST-TRANSIT,GW-OTHER,Y,3499,Y
T406243,,,N,,N
T406244,,,N,,N
T406245,,,N,,Y
T406246,LOST-TRANSIT,GW-OTHER,N,1299,Y
T406247,CANCEL,CANCEL,N,3499,Y
T406248,,,N,,N
T406249,,,N,,Y
T406250,,,N,,Y
T406251,,,N,,N
T406252,,,N,,Y
T406253,,,N,,Y
T406254,,,N,,Y
T406255,,,N,,Y
T406256,,,N,,N
T406257,,,N,,N
T406258,,,N,,Y
T406259,,,N,,Y
T406260,,,N,,N
T406261,,,N,,N
T406262,,,N,,N
T406263,,,N,,Y
T406264,,,N,,Y
T406265,,,N,,N
T406266,,,N,,Y
T406267,,,N,,N
T406268,RETURN-QC-OK,RETURN-QC-OK,N,3499,N
T406269,,,N,,N
T406270,,,N,,Y
T406271,,,N,,N
T406272,DOA-REPL,DOA-REPL,N,6499,Y
T406273,,,N,,Y
T406274,,,N,,N
T406275,,,N,,N
T406276,,,N,,N
T406277,,,N,,N
T406278,,,N,,N
T406279,CANCEL,CANCEL,N,2974,N
T406280,,,N,,N
T406281,,,N,,Y
T406282,LOST-TRANSIT,LOST-TRANSIT,N,3149,Y
T406283,,,N,,N
T406284,,,N,,N
T406285,,,N,,Y
T406286,,,N,,N
T406287,,,N,,N
T406288,WTY-BUYBACK,GW-OTHER,N,2416,N
T406289,LOST-TRANSIT,GW-OTHER,N,3499,N
T406290,,,N,,N
T406291,,,N,,N
T406292,,,N,,N
T406293,,,N,,N
T406294,,,N,,N
T406295,,,N,,N
T406296,,,N,,Y
T406297,,,N,,N
T406298,,,N,,Y
T406299,,,N,,Y
T406300,,,N,,N
T406301,RETURN-QC-OK,GW-OTHER,Y,1529,Y
T406302,,,N,,Y
T406303,,,N,,Y
T406304,,,N,,N
T406305,,,N,,N
T406306,,,N,,Y
T406307,,,N,,N
T406308,,,N,,Y
T406309,,,N,,N
T406310,RETURN-QC-OK,GW-OTHER,N,12998,N
T406311,,,N,,N
T406312,,,N,,Y
T406313,,,N,,N
T406314,,,N,,N
T406315,,,N,,Y
T406316,DOA-REPL,GW-OTHER,N,3499,N
T406317,,,N,,N
T406318,DOA-REPL,GW-OTHER,N,2499,N
T406319,,,N,,N
T406320,GW-OTHER,GW-OTHER,N,350,N
T406321,,,N,,Y
T406322,,,N,,N
T406323,,,N,,Y
T406324,,,N,,Y
T406325,,,N,,Y
T406326,,,N,,Y
T406327,,,N,,N
T406328,,,N,,Y
T406329,,,N,,Y
T406330,,,N,,N
T406331,,,N,,N
T406332,,,N,,Y
T406333,,,N,,N
T406334,,,N,,N
T406335,,,N,,N
T406336,,,N,,N
T406337,DOA-REPL,DOA-REPL,N,2249,Y
T406338,DOA-REPL,GW-OTHER,N,6299,N
T406339,,,N,,N
T406340,,,N,,Y
T406341,,,N,,N
T406342,DUP-PAYMENT,DUP-PAYMENT,N,1274,N
T406343,DOA-REPL,GW-OTHER,Y,3058,Y
T406344,,,N,,N
T406345,,,N,,N
T406346,,,N,,N
T406347,,,N,,N
T406348,,,N,,Y
T406349,,,N,,N
T406350,,,N,,N
T406351,,,N,,N
T406352,,,N,,N
T406353,,,N,,N
T406354,,,N,,N
T406355,WTY-BUYBACK,GW-OTHER,N,3624,N
T406356,DOA-REPL,DOA-REPL,N,3499,Y
T406357,,,N,,N
T406358,,,N,,N
T406359,,,N,,N
T406360,,,N,,N
T406361,WTY-BUYBACK,GW-OTHER,N,2673,Y
T406362,CANCEL,CANCEL,N,5199,Y
T406363,LOST-TRANSIT,GW-OTHER,N,3238,N
T406364,,,N,,N
T406365,,,N,,Y
T406366,,,N,,Y
T406367,,,N,,Y
T406368,,,N,,N
T406369,,,N,,N
T406370,,,N,,N
T406371,,,N,,N
T406372,,,N,,N
T406373,RETURN-QC-OK,GW-OTHER,N,3149,N
T406374,,,N,,Y
T406375,PRICE-ADJ,PRICE-ADJ,N,600,N
T406376,,,N,,N
T406377,,,N,,N
T406378,,,N,,N
T406379,CANCEL,CANCEL,N,6299,N
T406380,PRICE-ADJ,GW-OTHER,N,100,N
T406381,,,N,,N
T406382,,,N,,N
T406383,,,N,,N
T406384,,,N,,N
T406385,,,N,,N
T406386,,,N,,Y
T406387,,,N,,N
T406388,,,N,,Y
T406389,,,N,,N
T406390,,,N,,N
T406391,,,N,,N
T406392,,,N,,N
T406393,,,N,,N
T406394,,,N,,N
T406395,,,N,,N
T406396,,,N,,N
T406397,,,N,,N
T406398,DUP-PAYMENT,DUP-PAYMENT,N,3499,N
T406399,,,N,,N
T406400,,,N,,Y
T406401,,,N,,N
T406402,,,N,,Y
T406403,,,N,,Y
T406404,,,N,,N
T406405,,,N,,Y
T406406,,,N,,N
T406407,,,N,,N
T406408,,,N,,N
T406409,,,N,,N
T406410,,,N,,N
T406411,,,N,,N
T406412,,,N,,N
T406413,,,N,,N
T406414,,,N,,N
T406415,LOST-TRANSIT,LOST-TRANSIT,N,1999,N
T406416,,,N,,Y
T406417,,,N,,N
T406418,,,N,,N
T406419,,,N,,N
T406420,,,N,,N
T406421,,,N,,N
T406422,,,N,,N
T406423,,,N,,N
T406424,,,N,,N
T406425,,,N,,Y
T406426,RETURN-QC-OK,GW-OTHER,N,4749,N
T406427,,,N,,N
T406428,,,N,,N
T406429,,,N,,Y
T406430,,,N,,Y
T406431,,,N,,Y
T406432,,,N,,Y
T406433,,,N,,Y
T406434,,,N,,N
T406435,RETURN-QC-OK,GW-OTHER,N,3149,N
T406436,,,N,,Y
T406437,,,N,,N
T406438,,,N,,N
T406439,,,N,,N
T406440,,,N,,N
T406441,,,N,,Y
T406442,,,N,,Y
T406443,CANCEL,GW-OTHER,N,1169,N
T406444,,,N,,N
T406445,,,N,,N
T406446,,,N,,N
T406447,RETURN-QC-OK,GW-OTHER,N,5599,Y
T406448,,,N,,Y
T406449,,,N,,N
T406450,,,N,,N
T406451,,,N,,N
T406452,,,N,,N
T406453,,,N,,Y
T406454,DOA-REPL,GW-OTHER,N,2799,Y
T406455,,,N,,N
T406456,,,N,,Y
T406457,,,N,,N
T406458,,,N,,N
T406459,PRICE-ADJ,GW-OTHER,N,750,Y
T406460,,,N,,N
T406461,,,N,,N
T406462,,,N,,N
T406463,DUP-PAYMENT,GW-OTHER,N,1899,N
T406464,,,N,,N
T406465,,,N,,Y
T406466,,,N,,N
T406467,,,N,,N
T406468,,,N,,N
T406469,,,N,,Y
T406470,,,N,,N
T406471,,,N,,N
T406472,,,N,,N
T406473,PRICE-ADJ,GW-OTHER,N,300,N
T406474,,,N,,N
T406475,GW-OTHER,GW-OTHER,N,350,N
T406476,,,N,,Y
T406477,,,N,,Y
T406478,,,N,,Y
T406479,,,N,,N
T406480,,,N,,Y
T406481,,,N,,Y
T406482,RETURN-QC-OK,GW-OTHER,N,2799,N
T406483,,,N,,N
T406484,,,N,,N
T406485,,,N,,N
T406486,,,N,,N
T406487,,,N,,Y
T406488,DOA-REPL,GW-OTHER,Y,2124,Y
T406489,,,N,,N
T406490,CANCEL,GW-OTHER,N,2499,N
T406491,,,N,,N
T406492,CANCEL,GW-OTHER,N,3499,N
T406493,RETURN-QC-OK,GW-OTHER,N,5524,N
T406494,,,N,,N
T406495,,,N,,N
T406496,DOA-REPL,DOA-REPL,N,3324,N
T406497,,,N,,N
T406498,,,N,,Y
T406499,,,N,,N
T406500,,,N,,N
T406501,,,N,,Y
T406502,,,N,,N
T406503,,,N,,N
T406504,,,N,,N
T406505,,,N,,N
T406506,,,N,,Y
T406507,CANCEL,CANCEL,N,3149,Y
T406508,,,N,,N
T406509,,,N,,N
T406510,DUP-PAYMENT,GW-OTHER,N,12998,Y
T406511,,,N,,N
T406512,,,N,,N
T406513,,,N,,N
T406514,DOA-REPL,LOST-TRANSIT,N,1299,N
T406515,DOA-REPL,GW-OTHER,Y,1999,Y
T406516,,,N,,Y
T406517,,,N,,N
T406518,,,N,,Y
T406519,,,N,,N
T406520,,,N,,Y
T406521,,,N,,Y
T406522,,,N,,Y
T406523,,,N,,N
T406524,,,N,,Y
T406525,DOA-REPL,GW-OTHER,N,2499,N
T406526,,,N,,N
T406527,,,N,,Y
T406528,,,N,,Y
T406529,,,N,,N
T406530,DOA-REPL,GW-OTHER,Y,3149,Y
T406531,,,N,,Y
T406532,,,N,,N
T406533,,,N,,Y
T406534,GW-OTHER,GW-OTHER,N,150,N
T406535,,,N,,N
T406536,,,N,,N
T406537,,,N,,Y
T406538,CANCEL,GW-OTHER,N,3499,N
T406539,,,N,,Y
T406540,LOST-TRANSIT,LOST-TRANSIT,N,1619,N
T406541,LOST-TRANSIT,GW-OTHER,Y,5849,N
T406542,,,N,,N
T406543,,,N,,N
T406544,,,N,,Y
T406545,,,N,,N
T406546,,,N,,Y
T406547,,,N,,Y
T406548,LOST-TRANSIT,LOST-TRANSIT,Y,1999,N
T406549,,,N,,N
T406550,,,N,,N
T406551,DOA-REPL,GW-OTHER,N,2499,N
T406552,LOST-TRANSIT,LOST-TRANSIT,N,2374,Y
T406553,,,N,,N
T406554,PRICE-ADJ,GW-OTHER,N,750,N
T406555,LOST-TRANSIT,LOST-TRANSIT,Y,1299,N
T406556,,,N,,Y
T406557,,,N,,N
T406558,,,N,,Y
T406559,,,N,,N
T406560,RETURN-QC-OK,GW-OTHER,N,2519,Y
T406561,,,N,,Y
T406562,,,N,,N
T406563,,,N,,Y
T406564,,,N,,Y
T406565,,,N,,Y
T406566,,,N,,N
T406567,DOA-REPL,GW-OTHER,N,1234,N
T406568,,,N,,N
T406569,,,N,,Y
T406570,,,N,,N
T406571,,,N,,N
T406572,,,N,,N
T406573,,,N,,Y
T406574,,,N,,N
T406575,,,N,,Y
T406576,DOA-REPL,DOA-REPL,Y,3324,N
T406577,,,N,,N
T406578,DOA-REPL,DOA-REPL,N,3499,N
T406579,,,N,,N
T406580,LOST-TRANSIT,GW-OTHER,N,4799,N
T406581,,,N,,N
T406582,,,N,,N
T406583,,,N,,N
T406584,,,N,,Y
T406585,,,N,,N
T406586,,,N,,N
T406587,,,N,,Y
T406588,,,N,,N
T406589,,,N,,N
T406590,RETURN-QC-OK,GW-OTHER,N,3149,N
T406591,,,N,,N
T406592,,,N,,N
T406593,DOA-REPL,DOA-REPL,Y,2124,N
T406594,WTY-BUYBACK,GW-OTHER,N,4320,Y
T406595,,,N,,N
T406596,,,N,,Y
T406597,DOA-REPL,GW-OTHER,N,3499,N
T406598,RETURN-QC-OK,GW-OTHER,N,2799,Y
T406599,,,N,,Y
T406600,,,N,,N
T406601,,,N,,N
T406602,,,N,,N
T406603,,,N,,N
T406604,,,N,,N
T406605,,,N,,Y
T406606,DOA-REPL,DOA-REPL,N,6174,Y
T406607,,,N,,Y
T406608,,,N,,N
T406609,DUP-PAYMENT,GW-OTHER,N,2799,Y
T406610,,,N,,N
T406611,,,N,,N
T406612,RETURN-QC-OK,RETURN-QC-OK,N,6499,Y
T406613,,,N,,Y
T406614,,,N,,Y
T406615,,,N,,N
T406616,,,N,,N
T406617,,,N,,Y
T406618,,,N,,N
T406619,,,N,,N
T406620,,,N,,Y
T406621,,,N,,N
T406622,,,N,,N
T406623,,,N,,N
T406624,,,N,,N
T406625,,,N,,N
T406626,CANCEL,GW-OTHER,N,3324,Y
T406627,DOA-REPL,DOA-REPL,N,3418,N
T406628,,,N,,Y
T406629,,,N,,N
T406630,,,N,,N
T406631,,,N,,N
T406632,PRICE-ADJ,PRICE-ADJ,N,600,N
T406633,,,N,,N
T406634,,,N,,N
T406635,,,N,,N
T406636,DOA-REPL,GW-OTHER,N,3499,Y
T406637,,,N,,Y
T406638,RETURN-QC-OK,GW-OTHER,N,1439,N
T406639,,,N,,N
T406640,,,N,,N
T406641,,,N,,N
T406642,,,N,,N
T406643,,,N,,N
T406644,CANCEL,CANCEL,N,2249,N
T406645,,,N,,N
T406646,,,N,,N
T406647,PRICE-ADJ,GW-OTHER,N,300,N
T406648,,,N,,Y
T406649,,,N,,N
T406650,,,N,,N
T406651,,,N,,Y
T406652,DUP-PAYMENT,GW-OTHER,N,3499,Y
T406653,,,N,,N
T406654,,,N,,Y
T406655,,,N,,N
T406656,,,N,,N
T406657,,,N,,N
T406658,,,N,,N
T406659,,,N,,N
T406660,,,N,,N
T406661,RETURN-QC-OK,RETURN-QC-OK,N,4999,Y
T406662,,,N,,N
T406663,,,N,,N
T406664,,,N,,N
T406665,,,N,,N
T406666,,,N,,N
T406667,,,N,,N
T406668,,,N,,N
T406669,,,N,,Y
T406670,,,N,,N
T406671,,,N,,N
T406672,,,N,,Y
T406673,,,N,,Y
T406674,,,N,,Y
T406675,,,N,,N
T406676,,,N,,N
T406677,,,N,,N
T406678,LOST-TRANSIT,GW-OTHER,N,4999,Y
T406679,,,N,,N
T406680,,,N,,N
T406681,RETURN-QC-OK,GW-OTHER,N,1169,N
T406682,,,N,,N
T406683,LOST-TRANSIT,LOST-TRANSIT,N,2499,N
T406684,,,N,,Y
T406685,,,N,,Y
T406686,,,N,,Y
T406687,,,N,,Y
T406688,,,N,,N
T406689,,,N,,N
T406690,,,N,,N
T406691,,,N,,N
T406692,,,N,,N
T406693,,,N,,N
T406694,LOST-TRANSIT,LOST-TRANSIT,N,5999,Y
T406695,,,N,,N
T406696,,,N,,N
T406697,,,N,,Y
T406698,DUP-PAYMENT,GW-OTHER,N,399,Y
T406699,,,N,,Y
T406700,,,N,,Y
T406701,,,N,,Y
T406702,PRICE-ADJ,PRICE-ADJ,N,500,N
T406703,,,N,,N
T406704,,,N,,Y
T406705,,,N,,N
T406706,,,N,,N
T406707,,,N,,Y
T406708,DOA-REPL,GW-OTHER,N,1299,N
T406709,,,N,,N
T406710,DUP-PAYMENT,GW-OTHER,N,1999,N
T406711,,,N,,Y
T406712,,,N,,Y
T406713,,,N,,N
T406714,,,N,,N
T406715,,,N,,N
T406716,,,N,,N
T406717,,,N,,Y
T406718,,,N,,N
T406719,,,N,,N
T406720,,,N,,Y
T406721,,,N,,N
T406722,RETURN-QC-OK,RETURN-QC-OK,N,4999,N
T406723,DOA-REPL,GW-OTHER,N,399,N
T406724,,,N,,N
T406725,,,N,,N
T406726,,,N,,N
T406727,,,N,,N
T406728,,,N,,Y
T406729,LOST-TRANSIT,GW-OTHER,N,1299,N
T406730,,,N,,N
T406731,,,N,,N
T406732,LOST-TRANSIT,GW-OTHER,N,1799,Y
T406733,RETURN-QC-OK,GW-OTHER,N,399,N
T406734,,,N,,N
T406735,,,N,,Y
T406736,CANCEL,GW-OTHER,N,5999,N
T406737,LOST-TRANSIT,GW-OTHER,N,5999,N
T406738,,,N,,N
T406739,,,N,,N
T406740,,,N,,Y
T406741,,,N,,N
T406742,DOA-REPL,DOA-REPL,N,2499,Y
T406743,,,N,,N
T406744,CANCEL,CANCEL,N,1999,N
T406745,,,N,,Y
T406746,,,N,,Y
T406747,,,N,,N
T406748,,,N,,Y
T406749,,,N,,N
T406750,,,N,,N
T406751,,,N,,N
T406752,,,N,,N
T406753,,,N,,Y
T406754,,,N,,N
T406755,,,N,,N
T406756,,,N,,Y
T406757,,,N,,N
T406758,,,N,,N
T406759,DUP-PAYMENT,GW-OTHER,N,1299,N
T406760,,,N,,N
T406761,,,N,,N
T406762,,,N,,N
T406763,,,N,,Y
T406764,GW-OTHER,GW-OTHER,N,350,N
T406765,DOA-REPL,GW-OTHER,N,3499,N
T406766,,,N,,Y
T406767,,,N,,Y
T406768,WTY-BUYBACK,GW-OTHER,N,5497,Y
T406769,CANCEL,CANCEL,N,3499,Y
T406770,RETURN-QC-OK,GW-OTHER,N,1299,N
T406771,,,N,,Y
T406772,,,N,,Y
T406773,DOA-REPL,GW-OTHER,N,399,Y
T406774,,,N,,N
T406775,,,N,,N
T406776,,,N,,Y
T406777,CANCEL,CANCEL,N,6499,Y
T406778,,,N,,N
T406779,,,N,,Y
T406780,,,N,,N
T406781,,,N,,N
T406782,,,N,,N
T406783,DOA-REPL,GW-OTHER,N,3499,Y
T406784,,,N,,N
T406785,,,N,,N
T406786,,,N,,Y
T406787,,,N,,N
T406788,WTY-BUYBACK,GW-OTHER,N,907,N
T406789,,,N,,N
T406790,GW-OTHER,GW-OTHER,N,200,N
T406791,,,N,,Y
T406792,,,N,,Y
T406793,,,N,,N
T406794,,,N,,N
T406795,,,N,,Y
T406796,,,N,,N
T406797,,,N,,N
T406798,,,N,,N
T406799,,,N,,N
T406800,,,N,,Y
T406801,PRICE-ADJ,GW-OTHER,N,500,N
T406802,,,N,,Y
T406803,RETURN-QC-OK,RETURN-QC-OK,N,2499,Y
T406804,,,N,,N
T406805,,,N,,N
T406806,,,N,,N
T406807,,,N,,N
T406808,,,N,,N
T406809,LOST-TRANSIT,GW-OTHER,N,6999,N
T406810,,,N,,N
T406811,,,N,,N
T406812,,,N,,Y
T406813,,,N,,N
T406814,,,N,,N
T406815,,,N,,N
T406816,LOST-TRANSIT,GW-OTHER,N,2499,Y
T406817,,,N,,Y
T406818,,,N,,N
T406819,,,N,,N
T406820,,,N,,Y
T406821,,,N,,Y
T406822,LOST-TRANSIT,GW-OTHER,N,2499,Y
T406823,,,N,,N
T406824,,,N,,N
T406825,CANCEL,CANCEL,N,3499,Y
T406826,,,N,,Y
T406827,,,N,,Y
T406828,,,N,,N
T406829,,,N,,N
T406830,RETURN-QC-OK,GW-OTHER,Y,6499,N
T406831,,,N,,Y
T406832,,,N,,N
T406833,,,N,,N
T406834,,,N,,Y
T406835,,,N,,N
T406836,RETURN-QC-OK,GW-OTHER,N,1299,N
T406837,,,N,,N
T406838,,,N,,N
T406839,,,N,,N
T406840,,,N,,N
T406841,DOA-REPL,GW-OTHER,N,1299,Y
T406842,,,N,,N
T406843,,,N,,Y
T406844,,,N,,N
T406845,,,N,,N
T406846,,,N,,N
T406847,,,N,,N
T406848,,,N,,Y
T406849,,,N,,N
T406850,,,N,,Y
T406851,,,N,,N
T406852,,,N,,N
T406853,,,N,,N
T406854,,,N,,N
T406855,,,N,,N
T406856,,,N,,Y
T406857,DOA-REPL,GW-OTHER,N,6999,Y
T406858,,,N,,Y
T406859,,,N,,N
T406860,,,N,,Y
T406861,,,N,,N
T406862,,,N,,N
T406863,,,N,,N
T406864,,,N,,Y
T406865,,,N,,Y
T406866,,,N,,Y
T406867,,,N,,Y
T406868,DOA-REPL,DOA-REPL,Y,4999,N
T406869,,,N,,N
T406870,,,N,,Y
T406871,GW-OTHER,GW-OTHER,N,200,N
T406872,,,N,,Y
T406873,,,N,,N
T406874,DOA-REPL,GW-OTHER,N,4999,N
T406875,,,N,,Y
T406876,,,N,,Y
T406877,,,N,,N
T406878,DOA-REPL,DOA-REPL,N,2499,N
T406879,,,N,,N
T406880,CANCEL,GW-OTHER,N,6999,N
T406881,,,N,,Y
T406882,,,N,,Y
T406883,LOST-TRANSIT,LOST-TRANSIT,N,2499,Y
T406884,,,N,,N
T406885,,,N,,N
T406886,DOA-REPL,GW-OTHER,N,6999,N
T406887,,,N,,N
T406888,RETURN-QC-OK,GW-OTHER,N,5999,Y
T406889,,,N,,N
T406890,PRICE-ADJ,GW-OTHER,N,100,N
T406891,GW-OTHER,GW-OTHER,N,400,N
T406892,,,N,,N
T406893,,,N,,N
T406894,,,N,,N
T406895,WTY-BUYBACK,WTY-BUYBACK,N,1183,N
T406896,LOST-TRANSIT,GW-OTHER,N,1799,N
T406897,DOA-REPL,GW-OTHER,N,399,N
T406898,,,N,,N
T406899,,,N,,N
T406900,,,N,,N
T406901,,,N,,N
T406902,,,N,,Y
T406903,,,N,,N
T406904,,,N,,Y
T406905,,,N,,N
T406906,RETURN-QC-OK,GW-OTHER,N,2499,N
T406907,,,N,,N
T406908,,,N,,N
T406909,,,N,,N
T406910,,,N,,N
T406911,,,N,,N
T406912,DUP-PAYMENT,DUP-PAYMENT,N,5999,Y
T406913,,,N,,N
T406914,,,N,,Y
T406915,,,N,,Y
T406916,,,N,,N
T406917,,,N,,N
T406918,,,N,,N
T406919,,,N,,N
T406920,LOST-TRANSIT,GW-OTHER,N,6499,N
T406921,,,N,,N
T406922,,,N,,N
T406923,,,N,,N
T406924,,,N,,N
T406925,DOA-REPL,GW-OTHER,N,4999,Y
T406926,,,N,,N
T406927,GW-OTHER,GW-OTHER,N,200,N
T406928,DOA-REPL,GW-OTHER,N,1999,Y
T406929,,,N,,N
T406930,DOA-REPL,GW-OTHER,N,3499,Y
T406931,,,N,,N
T406932,,,N,,N
T406933,,,N,,N
T406934,,,N,,N
T406935,,,N,,N
T406936,DUP-PAYMENT,GW-OTHER,N,6499,Y
T406937,,,N,,N
T406938,,,N,,Y
T406939,CANCEL,GW-OTHER,N,1799,N
T406940,,,N,,N
T406941,,,N,,N
T406942,,,N,,Y
T406943,,,N,,N
T406944,,,N,,N
T406945,,,N,,N
T406946,,,N,,Y
T406947,,,N,,Y
T406948,,,N,,Y
T406949,,,N,,N
T406950,,,N,,N
T406951,,,N,,N
T406952,,,N,,N
T406953,,,N,,Y
T406954,,,N,,N
T406955,,,N,,N
T406956,,,N,,N
T406957,,,N,,N
T406958,,,N,,N
T406959,,,N,,Y
T406960,,,N,,N
T406961,,,N,,Y
T406962,,,N,,Y
T406963,,,N,,N
T406964,,,N,,N
T406965,,,N,,N
T406966,,,N,,N
T406967,,,N,,N
T406968,,,N,,N
T406969,,,N,,Y
T406970,,,N,,N
T406971,,,N,,N
T406972,,,N,,N
T406973,,,N,,N
T406974,,,N,,Y
T406975,,,N,,N
T406976,,,N,,N
T406977,,,N,,N
T406978,,,N,,N
T406979,PRICE-ADJ,PRICE-ADJ,N,600,N
T406980,,,N,,N
T406981,,,N,,N
T406982,RETURN-QC-OK,GW-OTHER,N,1999,N
T406983,,,N,,Y
T406984,,,N,,N
T406985,,,N,,Y
T406986,,,N,,N
T406987,,,N,,N
T406988,,,N,,N
T406989,RETURN-QC-OK,RETURN-QC-OK,Y,1799,N
T406990,,,N,,N
T406991,,,N,,N
T406992,,,N,,N
T406993,,,N,,Y
T406994,,,N,,N
T406995,DUP-PAYMENT,DUP-PAYMENT,N,3499,N
T406996,,,N,,Y
T406997,,,N,,N
T406998,DUP-PAYMENT,GW-OTHER,N,1799,Y
T406999,,,N,,N
T407000,,,N,,Y
T407001,,,N,,N
T407002,,,N,,N
T407003,,,N,,N
T407004,,,N,,N
T407005,,,N,,N
T407006,,,N,,N
T407007,,,N,,Y
T407008,,,N,,Y
T407009,,,N,,N
T407010,,,N,,N
T407011,DOA-REPL,GW-OTHER,N,1799,Y
T407012,DUP-PAYMENT,DUP-PAYMENT,N,1299,Y
T407013,,,N,,Y
T407014,,,N,,N
T407015,LOST-TRANSIT,GW-OTHER,N,2499,N
T407016,DOA-REPL,DOA-REPL,N,399,Y
T407017,,,N,,Y
T407018,,,N,,Y
T407019,,,N,,Y
T407020,,,N,,Y
T407021,,,N,,Y
T407022,,,N,,Y
T407023,WTY-BUYBACK,GW-OTHER,N,3595,N
T407024,RETURN-QC-OK,GW-OTHER,N,1499,N
T407025,,,N,,N
T407026,,,N,,N
T407027,,,N,,N
T407028,GW-OTHER,GW-OTHER,N,500,N
T407029,,,N,,Y
T407030,,,N,,N
T407031,,,N,,Y
T407032,,,N,,N
T407033,,,N,,Y
T407034,,,N,,N
T407035,CANCEL,GW-OTHER,N,399,N
T407036,,,N,,Y
T407037,,,N,,N
T407038,,,N,,N
T407039,,,N,,N
T407040,,,N,,N
T407041,,,N,,N
T407042,,,N,,N
T407043,CANCEL,GW-OTHER,N,1499,N
T407044,,,N,,N
T407045,,,N,,N
T407046,LOST-TRANSIT,LOST-TRANSIT,N,6499,N
T407047,,,N,,N
T407048,,,N,,N
T407049,,,N,,N
T407050,,,N,,N
T407051,,,N,,N
T407052,,,N,,N
T407053,,,N,,N
T407054,,,N,,N
T407055,,,N,,N
T407056,,,N,,N
T407057,,,N,,N
T407058,,,N,,Y
T407059,,,N,,N
T407060,,,N,,N
T407061,,,N,,N
T407062,,,N,,Y
T407063,,,N,,N
T407064,,,N,,N
T407065,,,N,,N
T407066,,,N,,N
T407067,,,N,,Y
T407068,,,N,,Y
T407069,,,N,,N
T407070,,,N,,N
T407071,CANCEL,CANCEL,N,1299,Y
T407072,,,N,,N
T407073,,,N,,N
T407074,,,N,,Y
T407075,,,N,,N
T407076,,,N,,N
T407077,,,N,,N
T407078,RETURN-QC-OK,GW-OTHER,N,1999,Y
T407079,,,N,,Y
T407080,RETURN-QC-OK,GW-OTHER,N,4999,N
T407081,,,N,,N
T407082,,,N,,N
T407083,,,N,,N
T407084,DOA-REPL,GW-OTHER,N,2499,N
T407085,,,N,,N
T407086,,,N,,N
T407087,,,N,,Y
T407088,,,N,,N
T407089,,,N,,N
T407090,,,N,,Y
T407091,,,N,,N
T407092,,,N,,N
T407093,GW-OTHER,GW-OTHER,N,150,N
T407094,LOST-TRANSIT,GW-OTHER,N,4999,N
T407095,,,N,,Y
T407096,,,N,,N
T407097,,,N,,N
T407098,,,N,,N
T407099,DOA-REPL,DOA-REPL,Y,4999,N
T407100,,,N,,N
T407101,,,N,,N
T407102,,,N,,N
T407103,,,N,,Y
T407104,DOA-REPL,GW-OTHER,N,2499,Y
T407105,,,N,,N
T407106,,,N,,N
T407107,,,N,,Y
T407108,,,N,,N
T407109,,,N,,N
T407110,,,N,,Y
T407111,,,N,,N
T407112,,,N,,Y
T407113,DUP-PAYMENT,DUP-PAYMENT,N,5999,Y
T407114,,,N,,N
T407115,,,N,,N
T407116,,,N,,Y
T407117,,,N,,Y
T407118,,,N,,N
T407119,,,N,,N
T407120,,,N,,Y
T407121,,,N,,Y
T407122,,,N,,Y
T407123,DOA-REPL,GW-OTHER,N,5999,N
T407124,,,N,,N
T407125,,,N,,N
T407126,,,N,,Y
T407127,,,N,,Y
T407128,,,N,,Y
T407129,RETURN-QC-OK,GW-OTHER,N,6499,N
T407130,RETURN-QC-OK,RETURN-QC-OK,N,1299,N
T407131,,,N,,Y
T407132,DOA-REPL,DOA-REPL,N,5999,N
T407133,,,N,,N
T407134,,,N,,N
T407135,,,N,,Y
T407136,,,N,,N
T407137,,,N,,Y
T407138,,,N,,N
T407139,,,N,,N
T407140,,,N,,Y
T407141,DOA-REPL,DOA-REPL,N,1299,N
T407142,,,N,,Y
T407143,,,N,,N
T407144,,,N,,N
T407145,,,N,,Y
T407146,,,N,,Y
T407147,,,N,,N
T407148,GW-OTHER,GW-OTHER,N,350,Y
T407149,,,N,,Y
T407150,,,N,,N
T407151,DOA-REPL,DOA-REPL,N,4999,Y
T407152,,,N,,N
T407153,,,N,,N
T407154,,,N,,Y
T407155,DOA-REPL,GW-OTHER,N,2499,N
T407156,,,N,,Y
T407157,,,N,,Y
T407158,,,N,,N
T407159,,,N,,N
T407160,,,N,,N
T407161,,,N,,N
T407162,,,N,,N
T407163,,,N,,N
T407164,,,N,,N
T407165,,,N,,N
T407166,,,N,,N
T407167,,,N,,N
T407168,,,N,,N
T407169,,,N,,Y
T407170,,,N,,N
T407171,DOA-REPL,GW-OTHER,N,2499,N
T407172,,,N,,N
T407173,,,N,,N
T407174,,,N,,N
T407175,,,N,,Y
T407176,RETURN-QC-OK,GW-OTHER,N,399,N
T407177,,,N,,N
T407178,DOA-REPL,GW-OTHER,N,1499,N
T407179,DOA-REPL,GW-OTHER,N,2499,Y
T407180,RETURN-QC-OK,RETURN-QC-OK,Y,1499,N
T407181,,,N,,N
T407182,,,N,,Y
T407183,,,N,,Y
T407184,,,N,,Y
T407185,DOA-REPL,GW-OTHER,N,4999,N
T407186,,,N,,Y
T407187,,,N,,N
T407188,,,N,,N
T407189,,,N,,Y
T407190,LOST-TRANSIT,LOST-TRANSIT,N,2499,Y
T407191,,,N,,N
T407192,,,N,,N
T407193,,,N,,Y
T407194,CANCEL,GW-OTHER,N,1299,N
T407195,,,N,,N
T407196,,,N,,N
T407197,,,N,,N
T407198,,,N,,Y
T407199,DOA-REPL,GW-OTHER,N,3499,Y
T407200,,,N,,N
T407201,,,N,,N
T407202,,,N,,Y
T407203,,,N,,N
T407204,,,N,,N
T407205,,,N,,N
T407206,,,N,,Y
T407207,,,N,,N
T407208,,,N,,N
T407209,,,N,,N
T407210,,,N,,Y
T407211,DUP-PAYMENT,GW-OTHER,N,3499,N
T407212,,,N,,N
T407213,,,N,,Y
T407214,,,N,,N
T407215,DOA-REPL,GW-OTHER,N,4999,N
T407216,,,N,,N
T407217,,,N,,N
T407218,,,N,,N
T407219,,,N,,N
T407220,,,N,,Y
T407221,,,N,,N
T407222,CANCEL,GW-OTHER,N,3499,N
T407223,,,N,,N
T407224,,,N,,Y
T407225,,,N,,Y
T407226,RETURN-QC-OK,GW-OTHER,Y,4999,N
T407227,DOA-REPL,CANCEL,N,3499,N
T407228,,,N,,N
T407229,,,N,,N
T407230,DOA-REPL,DOA-REPL,Y,3499,Y
T407231,,,N,,N
T407232,RETURN-QC-OK,GW-OTHER,N,1499,Y
T407233,,,N,,N
T407234,,,N,,N
T407235,,,N,,N
T407236,,,N,,Y
T407237,,,N,,N
T407238,,,N,,Y
T407239,,,N,,N
T407240,,,N,,Y
T407241,,,N,,N
T407242,LOST-TRANSIT,LOST-TRANSIT,N,2499,N
T407243,RETURN-QC-OK,RETURN-QC-OK,N,1299,Y
T407244,,,N,,N
T407245,,,N,,N
T407246,PRICE-ADJ,PRICE-ADJ,N,200,N
T407247,LOST-TRANSIT,LOST-TRANSIT,N,3499,N
T407248,,,N,,N
T407249,,,N,,N
T407250,RETURN-QC-OK,GW-OTHER,N,1999,N
T407251,,,N,,N
T407252,,,N,,Y
T407253,,,N,,N
T407254,LOST-TRANSIT,GW-OTHER,N,4999,N
T407255,,,N,,N
T407256,,,N,,N
T407257,,,N,,N
T407258,,,N,,N
T407259,PRICE-ADJ,GW-OTHER,N,300,N
T407260,,,N,,N
T407261,,,N,,N
T407262,,,N,,N
T407263,,,N,,Y
T407264,,,N,,N
T407265,,,N,,Y
T407266,,,N,,N
T407267,,,N,,N
T407268,,,N,,N
T407269,,,N,,N
T407270,,,N,,N
T407271,,,N,,N
T407272,,,N,,Y
T407273,,,N,,N
T407274,RETURN-QC-OK,RETURN-QC-OK,Y,399,Y
T407275,,,N,,Y
T407276,,,N,,N
T407277,,,N,,N
T407278,,,N,,Y
T407279,CANCEL,CANCEL,N,1499,Y
T407280,,,N,,N
T407281,,,N,,N
T407282,,,N,,N
T407283,,,N,,N
T407284,,,N,,N
T407285,,,N,,N
T407286,DOA-REPL,GW-OTHER,N,3499,Y
T407287,,,N,,N
T407288,,,N,,Y
T407289,RETURN-QC-OK,GW-OTHER,N,5999,N
T407290,,,N,,Y
T407291,,,N,,N
T407292,DOA-REPL,GW-OTHER,N,4999,Y
T407293,,,N,,N
T407294,,,N,,N
T407295,,,N,,N
T407296,,,N,,Y
T407297,,,N,,N
T407298,,,N,,N
T407299,,,N,,Y
T407300,,,N,,Y
T407301,,,N,,Y
T407302,,,N,,N
T407303,,,N,,N
T407304,,,N,,N
T407305,,,N,,Y
T407306,,,N,,Y
T407307,,,N,,Y
T407308,,,N,,Y
T407309,,,N,,N
T407310,,,N,,N
T407311,DUP-PAYMENT,GW-OTHER,N,1299,N
T407312,,,N,,N
T407313,,,N,,Y
T407314,,,N,,N
T407315,,,N,,N
T407316,,,N,,N
T407317,,,N,,Y
T407318,,,N,,Y
T407319,,,N,,N
T407320,,,N,,Y
T407321,,,N,,Y
T407322,,,N,,Y
T407323,,,N,,N
T407324,,,N,,N
T407325,,,N,,Y
T407326,,,N,,Y
T407327,,,N,,N
T407328,DOA-REPL,GW-OTHER,N,6999,N
T407329,DOA-REPL,GW-OTHER,N,1299,Y
T407330,,,N,,Y
T407331,DOA-REPL,DOA-REPL,N,6499,N
T407332,,,N,,N
T407333,,,N,,N
T407334,RETURN-QC-OK,GW-OTHER,Y,1799,Y
T407335,,,N,,Y
T407336,CANCEL,CANCEL,N,2499,N
T407337,,,N,,N
T407338,DOA-REPL,GW-OTHER,N,1499,N
T407339,,,N,,N
T407340,,,N,,N
T407341,,,N,,N
T407342,,,N,,N
T407343,,,N,,N
T407344,,,N,,N
T407345,,,N,,N
T407346,,,N,,N
T407347,RETURN-QC-OK,GW-OTHER,N,1299,N
T407348,,,N,,N
T407349,,,N,,N
T407350,,,N,,N
T407351,,,N,,Y
T407352,,,N,,Y
T407353,RETURN-QC-OK,GW-OTHER,N,1799,Y
T407354,,,N,,Y
T407355,,,N,,N
T407356,,,N,,Y
T407357,,,N,,Y
T407358,,,N,,Y
T407359,,,N,,N
T407360,,,N,,N
T407361,,,N,,N
T407362,,,N,,N
T407363,GW-OTHER,GW-OTHER,N,250,N
T407364,DUP-PAYMENT,GW-OTHER,N,1299,N
T407365,,,N,,N
T407366,,,N,,Y
T407367,,,N,,Y
T407368,,,N,,Y
T407369,,,N,,N
T407370,,,N,,N
T407371,,,N,,Y
T407372,,,N,,Y
T407373,,,N,,N
T407374,,,N,,N
T407375,,,N,,Y
T407376,CANCEL,GW-OTHER,N,2499,N
T407377,,,N,,Y
T407378,,,N,,N
T407379,,,N,,Y
T407380,,,N,,N
T407381,,,N,,Y
T407382,,,N,,Y
T407383,,,N,,N
T407384,,,N,,Y
T407385,,,N,,Y
T407386,,,N,,Y
T407387,,,N,,N
T407388,,,N,,Y
T407389,WTY-BUYBACK,WTY-BUYBACK,N,1318,N
T407390,DOA-REPL,GW-OTHER,N,399,N
T407391,,,N,,N
T407392,,,N,,N
T407393,,,N,,N
T407394,,,N,,N
T407395,,,N,,N
T407396,,,N,,N
T407397,,,N,,N
T407398,,,N,,N
T407399,,,N,,Y
T407400,DOA-REPL,DOA-REPL,N,399,N
T407401,,,N,,N
T407402,,,N,,N
T407403,,,N,,N
T407404,,,N,,N
T407405,,,N,,Y
T407406,DUP-PAYMENT,GW-OTHER,N,4999,N
T407407,,,N,,N
T407408,RETURN-QC-OK,GW-OTHER,N,1799,N
T407409,,,N,,N
T407410,LOST-TRANSIT,GW-OTHER,N,4999,N
T407411,,,N,,N
T407412,,,N,,Y
T407413,,,N,,N
T407414,,,N,,N
T407415,,,N,,N
T407416,GW-OTHER,GW-OTHER,N,350,N
T407417,,,N,,N
T407418,LOST-TRANSIT,GW-OTHER,N,4999,N
T407419,DOA-REPL,GW-OTHER,Y,4999,Y
T407420,CANCEL,CANCEL,N,2499,N
T407421,,,N,,N
T407422,,,N,,N
T407423,,,N,,N
T407424,DOA-REPL,DOA-REPL,N,2499,N
T407425,,,N,,N
T407426,DOA-REPL,GW-OTHER,Y,6499,N
T407427,,,N,,N
T407428,,,N,,Y
T407429,,,N,,N
T407430,,,N,,Y
T407431,,,N,,Y
T407432,,,N,,N
T407433,,,N,,Y
T407434,,,N,,N
T407435,,,N,,N
T407436,,,N,,N
T407437,,,N,,Y
T407438,,,N,,Y
T407439,,,N,,Y
T407440,,,N,,Y
T407441,,,N,,Y
T407442,,,N,,Y
T407443,LOST-TRANSIT,LOST-TRANSIT,N,4999,N
T407444,,,N,,N
T407445,,,N,,N
T407446,GW-OTHER,GW-OTHER,N,150,N
T407447,,,N,,N
T407448,,,N,,N
T407449,,,N,,Y
T407450,,,N,,N
T407451,,,N,,Y
T407452,,,N,,N
T407453,,,N,,N
T407454,,,N,,Y
T407455,,,N,,Y
T407456,LOST-TRANSIT,LOST-TRANSIT,N,399,N
T407457,,,N,,N
T407458,,,N,,N
T407459,,,N,,Y
T407460,GW-OTHER,GW-OTHER,N,650,N
T407461,,,N,,Y
T407462,RETURN-QC-OK,GW-OTHER,N,1799,Y
T407463,GW-OTHER,GW-OTHER,N,200,Y
T407464,,,N,,N
T407465,,,N,,N
T407466,,,N,,N
T407467,LOST-TRANSIT,WTY-BUYBACK,N,5999,Y
T407468,DUP-PAYMENT,GW-OTHER,N,1999,N
T407469,,,N,,N
T407470,DOA-REPL,DOA-REPL,N,3499,N
T407471,DOA-REPL,DOA-REPL,N,1799,N
T407472,,,N,,N
T407473,,,N,,N
T407474,,,N,,N
T407475,,,N,,N
T407476,,,N,,N
T407477,LOST-TRANSIT,GW-OTHER,N,399,Y
T407478,,,N,,N
T407479,,,N,,Y
T407480,,,N,,N
T407481,,,N,,Y
T407482,,,N,,N
T407483,,,N,,Y
T407484,,,N,,N
T407485,RETURN-QC-OK,RETURN-QC-OK,N,3149,N
T407486,,,N,,N
T407487,,,N,,Y
T407488,,,N,,Y
T407489,,,N,,Y
T407490,,,N,,N
T407491,,,N,,N
T407492,,,N,,Y
T407493,,,N,,Y
T407494,,,N,,N
T407495,,,N,,N
T407496,,,N,,Y
T407497,,,N,,Y
T407498,,,N,,Y
T407499,,,N,,N
T407500,,,N,,Y
T407501,,,N,,N
T407502,,,N,,Y
T407503,,,N,,Y
T407504,DOA-REPL,GW-OTHER,N,6499,N
T407505,,,N,,Y
T407506,,,N,,N
T407507,,,N,,N
T407508,,,N,,N
T407509,WTY-BUYBACK,WTY-BUYBACK,N,3896,N
T407510,LOST-TRANSIT,LOST-TRANSIT,N,1299,N
T407511,,,N,,N
T407512,,,N,,N
T407513,,,N,,N
T407514,LOST-TRANSIT,GW-OTHER,N,2499,N
T407515,,,N,,N
T407516,,,N,,N
T407517,,,N,,N
T407518,,,N,,N
T407519,,,N,,N
T407520,,,N,,N
T407521,,,N,,Y
T407522,,,N,,Y
T407523,WTY-BUYBACK,WTY-BUYBACK,N,1156,N
T407524,,,N,,Y
T407525,,,N,,N
T407526,,,N,,N
T407527,,,N,,N
T407528,,,N,,N
T407529,,,N,,N
T407530,,,N,,Y
T407531,,,N,,N
T407532,,,N,,N
T407533,DOA-REPL,GW-OTHER,N,3499,N
T407534,RETURN-QC-OK,GW-OTHER,N,1619,N
T407535,,,N,,Y
T407536,,,N,,N
T407537,,,N,,N
T407538,,,N,,Y
T407539,,,N,,N
T407540,,,N,,N
T407541,,,N,,N
T407542,,,N,,Y
T407543,,,N,,N
T407544,,,N,,N
T407545,,,N,,N
T407546,,,N,,Y
T407547,,,N,,Y
T407548,,,N,,Y
T407549,,,N,,N
T407550,DUP-PAYMENT,DUP-PAYMENT,N,3499,N
T407551,RETURN-QC-OK,GW-OTHER,N,6999,N
T407552,,,N,,Y
T407553,,,N,,Y
T407554,,,N,,Y
T407555,,,N,,N
T407556,,,N,,Y
T407557,,,N,,Y
T407558,,,N,,N
T407559,,,N,,N
T407560,RETURN-QC-OK,RETURN-QC-OK,N,4999,N
T407561,,,N,,N
T407562,,,N,,N
T407563,,,N,,N
T407564,,,N,,Y
T407565,,,N,,Y
T407566,,,N,,N
T407567,,,N,,N
T407568,,,N,,N
T407569,,,N,,N
T407570,GW-OTHER,GW-OTHER,N,400,N
T407571,DUP-PAYMENT,DUP-PAYMENT,N,1499,N
T407572,,,N,,N
T407573,,,N,,N
T407574,,,N,,Y
T407575,,,N,,N
T407576,,,N,,N
T407577,,,N,,N
T407578,,,N,,N
T407579,DOA-REPL,DOA-REPL,N,6999,N
T407580,,,N,,Y
T407581,,,N,,N
T407582,,,N,,N
T407583,,,N,,N
T407584,,,N,,N
T407585,,,N,,N
T407586,LOST-TRANSIT,LOST-TRANSIT,N,5999,N
T407587,,,N,,N
T407588,,,N,,N
T407589,,,N,,N
T407590,DOA-REPL,DOA-REPL,N,4999,N
T407591,RETURN-QC-OK,RETURN-QC-OK,Y,1799,N
T407592,,,N,,N
T407593,DOA-REPL,GW-OTHER,N,1499,N
T407594,,,N,,N
T407595,,,N,,N
T407596,,,N,,N
T407597,,,N,,N
T407598,,,N,,N
T407599,,,N,,Y
T407600,,,N,,N
T407601,,,N,,N
T407602,,,N,,N
T407603,,,N,,N
T407604,DOA-REPL,GW-OTHER,N,2499,N
T407605,,,N,,Y
T407606,DUP-PAYMENT,GW-OTHER,N,1299,N
T407607,,,N,,N
T407608,DOA-REPL,GW-OTHER,N,5999,N
T407609,,,N,,Y
T407610,,,N,,N
T407611,,,N,,N
T407612,,,N,,N
T407613,,,N,,Y
T407614,,,N,,Y
T407615,,,N,,Y
T407616,,,N,,N
T407617,,,N,,Y
T407618,,,N,,N
T407619,,,N,,N
T407620,DOA-REPL,GW-OTHER,N,4999,N
T407621,,,N,,Y
T407622,,,N,,N
T407623,,,N,,N
T407624,,,N,,Y
T407625,RETURN-QC-OK,RETURN-QC-OK,N,399,N
T407626,,,N,,Y
T407627,,,N,,N
T407628,,,N,,N
T407629,,,N,,N
T407630,,,N,,Y
T407631,,,N,,N
T407632,,,N,,N
T407633,,,N,,N
T407634,,,N,,N
T407635,,,N,,N
T407636,,,N,,Y
T407637,,,N,,Y
T407638,,,N,,Y
T407639,,,N,,N
T407640,PRICE-ADJ,PRICE-ADJ,N,100,N
T407641,,,N,,N
T407642,RETURN-QC-OK,RETURN-QC-OK,Y,1299,N
T407643,,,N,,N
T407644,,,N,,N
T407645,,,N,,N
T407646,,,N,,N
T407647,,,N,,N
T407648,,,N,,Y
T407649,,,N,,Y
T407650,,,N,,Y
T407651,,,N,,N
T407652,,,N,,N
T407653,,,N,,N
T407654,,,N,,N
T407655,,,N,,N
T407656,,,N,,N
T407657,,,N,,Y
T407658,,,N,,N
T407659,,,N,,N
T407660,,,N,,Y
T407661,,,N,,N
T407662,,,N,,N
T407663,,,N,,Y
T407664,,,N,,N
T407665,,,N,,Y
T407666,,,N,,N
T407667,,,N,,N
T407668,,,N,,N
T407669,,,N,,N
T407670,,,N,,Y
T407671,,,N,,N
T407672,,,N,,N
T407673,,,N,,N
T407674,,,N,,N
T407675,,,N,,N
T407676,,,N,,N
T407677,,,N,,N
T407678,,,N,,Y
T407679,,,N,,Y
T407680,,,N,,N
T407681,RETURN-QC-OK,RETURN-QC-OK,N,1169,Y
T407682,,,N,,N
T407683,,,N,,N
T407684,,,N,,N
T407685,,,N,,N
T407686,,,N,,N
T407687,,,N,,Y
T407688,,,N,,N
T407689,,,N,,N
T407690,,,N,,Y
T407691,,,N,,Y
T407692,,,N,,N
T407693,,,N,,N
T407694,,,N,,N
T407695,,,N,,N
T407696,,,N,,Y
T407697,,,N,,N
T407698,,,N,,N
T407699,,,N,,N
T407700,,,N,,Y
T407701,DOA-REPL,GW-OTHER,Y,2499,N
T407702,,,N,,N
T407703,,,N,,Y
T407704,,,N,,N
T407705,,,N,,N
T407706,,,N,,Y
T407707,,,N,,N
T407708,PRICE-ADJ,GW-OTHER,N,300,Y
T407709,,,N,,N
T407710,,,N,,N
T407711,,,N,,N
T407712,RETURN-QC-OK,GW-OTHER,N,1349,N
T407713,,,N,,Y
T407714,,,N,,Y
T407715,,,N,,N
T407716,,,N,,N
T407717,,,N,,N
T407718,,,N,,N
T407719,LOST-TRANSIT,LOST-TRANSIT,N,2499,Y
T407720,RETURN-QC-OK,GW-OTHER,N,1299,Y
T407721,DUP-PAYMENT,GW-OTHER,N,1499,N
T407722,,,N,,Y
T407723,DOA-REPL,DOA-REPL,N,4999,N
T407724,DOA-REPL,GW-OTHER,N,1299,Y
T407725,WTY-BUYBACK,WTY-BUYBACK,N,614,N
T407726,CANCEL,GW-OTHER,N,6999,Y
T407727,,,N,,N
T407728,,,N,,N
T407729,DOA-REPL,DOA-REPL,N,6999,N
T407730,RETURN-QC-OK,GW-OTHER,N,1299,Y
T407731,,,N,,N
T407732,,,N,,N
T407733,WTY-BUYBACK,GW-OTHER,N,598,N
T407734,,,N,,N
T407735,,,N,,N
T407736,,,N,,N
T407737,,,N,,N
T407738,,,N,,Y
T407739,,,N,,N
T407740,,,N,,N
T407741,,,N,,N
T407742,,,N,,Y
T407743,,,N,,Y
T407744,,,N,,Y
T407745,,,N,,Y
T407746,,,N,,N
T407747,,,N,,N
T407748,,,N,,N
T407749,PRICE-ADJ,GW-OTHER,N,300,N
T407750,,,N,,Y
T407751,,,N,,N
T407752,,,N,,N
T407753,DUP-PAYMENT,DUP-PAYMENT,N,399,Y
T407754,,,N,,N
T407755,,,N,,N
T407756,,,N,,Y
T407757,,,N,,Y
T407758,,,N,,N
T407759,,,N,,N
T407760,,,N,,Y
T407761,,,N,,N
T407762,,,N,,N
T407763,,,N,,N
T407764,LOST-TRANSIT,LOST-TRANSIT,N,6499,N
T407765,,,N,,N
T407766,,,N,,Y
T407767,,,N,,N
T407768,,,N,,Y
T407769,,,N,,N
T407770,RETURN-QC-OK,RETURN-QC-OK,N,5999,N
T407771,DOA-REPL,DOA-REPL,N,6999,N
T407772,,,N,,N
T407773,,,N,,N
T407774,,,N,,N
T407775,,,N,,N
T407776,,,N,,N
T407777,,,N,,N
T407778,,,N,,Y
T407779,,,N,,Y
T407780,DOA-REPL,GW-OTHER,N,4999,N
T407781,,,N,,N
T407782,RETURN-QC-OK,GW-OTHER,N,1299,Y
T407783,RETURN-QC-OK,GW-OTHER,Y,4999,N
T407784,,,N,,N
T407785,,,N,,N
T407786,,,N,,N
T407787,,,N,,N
T407788,,,N,,Y
T407789,,,N,,N
T407790,LOST-TRANSIT,LOST-TRANSIT,N,4999,N
T407791,,,N,,N
T407792,DOA-REPL,GW-OTHER,Y,6999,N
T407793,,,N,,N
T407794,CANCEL,GW-OTHER,N,1299,Y
T407795,,,N,,Y
T407796,RETURN-QC-OK,GW-OTHER,N,1299,N
T407797,,,N,,N
T407798,,,N,,N
T407799,,,N,,N
T407800,,,N,,N
T407801,,,N,,N
T407802,RETURN-QC-OK,GW-OTHER,N,2249,N
T407803,,,N,,N
T407804,CANCEL,CANCEL,N,399,N
T407805,,,N,,Y
T407806,,,N,,N
T407807,,,N,,N
T407808,,,N,,Y
T407809,DOA-REPL,GW-OTHER,N,6499,N
T407810,,,N,,N
T407811,,,N,,Y
T407812,,,N,,N
T407813,,,N,,N
T407814,,,N,,N
T407815,,,N,,N
T407816,,,N,,N
T407817,,,N,,N
T407818,,,N,,N
T407819,,,N,,Y
T407820,,,N,,N
T407821,RETURN-QC-OK,GW-OTHER,N,3499,Y
T407822,,,N,,N
T407823,WTY-BUYBACK,GW-OTHER,N,1054,N
T407824,,,N,,N
T407825,,,N,,Y
T407826,,,N,,N
T407827,,,N,,N
T407828,,,N,,N
T407829,,,N,,Y
T407830,GW-OTHER,PRICE-ADJ,N,250,Y
T407831,,,N,,Y
T407832,,,N,,N
T407833,,,N,,N
T407834,,,N,,N
T407835,RETURN-QC-OK,GW-OTHER,N,4999,N
T407836,,,N,,Y
T407837,,,N,,N
T407838,,,N,,N
T407839,,,N,,Y
T407840,,,N,,Y
T407841,,,N,,N
T407842,,,N,,Y
T407843,RETURN-QC-OK,GW-OTHER,N,1999,Y
T407844,,,N,,Y
T407845,RETURN-QC-OK,GW-OTHER,Y,4999,N
T407846,,,N,,N
T407847,,,N,,N
T407848,,,N,,N
T407849,DOA-REPL,DOA-REPL,N,2499,N
T407850,,,N,,Y
T407851,,,N,,Y
T407852,,,N,,N
T407853,,,N,,N
T407854,,,N,,N
T407855,,,N,,N
T407856,,,N,,N
T407857,,,N,,Y
T407858,,,N,,Y
T407859,,,N,,N
T407860,,,N,,Y
T407861,,,N,,N
T407862,DOA-REPL,DOA-REPL,Y,1299,Y
T407863,,,N,,Y
T407864,,,N,,N
T407865,,,N,,N
T407866,,,N,,Y
T407867,DOA-REPL,DOA-REPL,N,3499,Y
T407868,DUP-PAYMENT,GW-OTHER,N,2499,N
T407869,,,N,,N
T407870,,,N,,Y
T407871,,,N,,N
T407872,,,N,,Y
T407873,,,N,,Y
T407874,,,N,,Y
T407875,,,N,,N
T407876,,,N,,Y
T407877,RETURN-QC-OK,GW-OTHER,N,1299,N
T407878,,,N,,N
T407879,,,N,,Y
T407880,DOA-REPL,DOA-REPL,N,1799,N
T407881,,,N,,N
T407882,GW-OTHER,CANCEL,N,350,Y
T407883,,,N,,N
T407884,,,N,,N
T407885,,,N,,N
T407886,,,N,,Y
T407887,,,N,,Y
T407888,,,N,,N
T407889,,,N,,N
T407890,,,N,,N
T407891,,,N,,N
T407892,RETURN-QC-OK,RETURN-QC-OK,N,1299,N
T407893,,,N,,Y
T407894,,,N,,N
T407895,,,N,,N
T407896,,,N,,N
T407897,DOA-REPL,GW-OTHER,N,3499,N
T407898,,,N,,Y
T407899,RETURN-QC-OK,GW-OTHER,N,1169,Y
T407900,,,N,,N
T407901,CANCEL,GW-OTHER,N,2499,N
T407902,,,N,,N
T407903,GW-OTHER,GW-OTHER,N,350,N
T407904,,,N,,N
T407905,,,N,,N
T407906,,,N,,N
T407907,DOA-REPL,GW-OTHER,N,1299,N
T407908,WTY-BUYBACK,GW-OTHER,N,189,N
T407909,,,N,,Y
T407910,,,N,,N
T407911,,,N,,Y
T407912,,,N,,Y
T407913,,,N,,Y
T407914,,,N,,Y
T407915,,,N,,N
T407916,,,N,,N
T407917,,,N,,Y
T407918,,,N,,N
T407919,,,N,,N
T407920,,,N,,Y
T407921,,,N,,Y
T407922,,,N,,N
T407923,,,N,,Y
T407924,,,N,,N
T407925,,,N,,N
T407926,,,N,,N
T407927,,,N,,Y
T407928,RETURN-QC-OK,GW-OTHER,N,3149,Y
T407929,DOA-REPL,DOA-REPL,N,2499,N
T407930,,,N,,N
T407931,,,N,,N
T407932,,,N,,N
T407933,,,N,,Y
T407934,,,N,,Y
T407935,,,N,,N
T407936,,,N,,Y
T407937,,,N,,N
T407938,,,N,,Y
T407939,LOST-TRANSIT,GW-OTHER,N,1299,N
T407940,,,N,,N
T407941,,,N,,N
T407942,,,N,,Y
T407943,,,N,,N
T407944,,,N,,N
T407945,,,N,,Y
T407946,,,N,,N
T407947,,,N,,N
T407948,,,N,,Y
T407949,CANCEL,CANCEL,N,399,Y
T407950,,,N,,Y
T407951,,,N,,Y
T407952,,,N,,N
T407953,GW-OTHER,GW-OTHER,N,250,Y
T407954,,,N,,Y
T407955,,,N,,Y
T407956,RETURN-QC-OK,GW-OTHER,Y,1299,Y
T407957,,,N,,N
T407958,,,N,,N
T407959,,,N,,Y
T407960,,,N,,N
T407961,,,N,,Y
T407962,,,N,,N
T407963,,,N,,Y
T407964,,,N,,N
T407965,,,N,,N
T407966,,,N,,N
T407967,,,N,,N
T407968,,,N,,N
T407969,LOST-TRANSIT,GW-OTHER,N,399,N
T407970,DOA-REPL,GW-OTHER,N,1299,N
T407971,,,N,,N
T407972,,,N,,N
T407973,,,N,,N
T407974,,,N,,Y
T407975,,,N,,Y
T407976,,,N,,Y
T407977,,,N,,N
T407978,CANCEL,CANCEL,N,4999,N
T407979,,,N,,N
T407980,,,N,,N
T407981,,,N,,N
T407982,,,N,,N
T407983,,,N,,N
T407984,,,N,,N
T407985,,,N,,N
T407986,,,N,,Y
T407987,LOST-TRANSIT,LOST-TRANSIT,N,1499,Y
T407988,,,N,,Y
T407989,DOA-REPL,GW-OTHER,N,5999,N
T407990,,,N,,Y
T407991,LOST-TRANSIT,GW-OTHER,N,2499,N
T407992,,,N,,N
T407993,,,N,,N
T407994,,,N,,N
T407995,,,N,,Y
T407996,,,N,,Y
T407997,,,N,,Y
T407998,,,N,,N
T407999,CANCEL,CANCEL,N,6499,Y
T408000,,,N,,N
T408001,,,N,,N
T408002,,,N,,N
T408003,CANCEL,GW-OTHER,N,5999,N
T408004,WTY-BUYBACK,WTY-BUYBACK,N,232,N
T408005,,,N,,Y
T408006,,,N,,N
T408007,,,N,,N
T408008,,,N,,N
T408009,,,N,,Y
T408010,,,N,,Y
T408011,,,N,,N
T408012,,,N,,N
T408013,,,N,,N
T408014,,,N,,Y
T408015,,,N,,N
T408016,,,N,,N
T408017,,,N,,N
T408018,,,N,,N
T408019,,,N,,N
T408020,DUP-PAYMENT,GW-OTHER,N,1799,N
T408021,,,N,,Y
T408022,WTY-BUYBACK,WTY-BUYBACK,N,1237,N
T408023,,,N,,N
T408024,DOA-REPL,DOA-REPL,N,1999,N
T408025,,,N,,N
T408026,,,N,,N
T408027,,,N,,N
T408028,,,N,,N
T408029,,,N,,Y
T408030,,,N,,Y
T408031,CANCEL,CANCEL,N,4999,N
T408032,,,N,,N
T408033,LOST-TRANSIT,GW-OTHER,N,6999,N
T408034,PRICE-ADJ,PRICE-ADJ,N,750,Y
T408035,,,N,,N
T408036,,,N,,Y
T408037,,,N,,N
T408038,LOST-TRANSIT,LOST-TRANSIT,N,6999,Y
T408039,,,N,,N
T408040,,,N,,Y
T408041,LOST-TRANSIT,GW-OTHER,N,6999,Y
T408042,,,N,,N
T408043,,,N,,N
T408044,,,N,,Y
T408045,,,N,,N
T408046,DOA-REPL,DOA-REPL,Y,4999,N
T408047,RETURN-QC-OK,RETURN-QC-OK,N,1999,N
T408048,,,N,,N
T408049,CANCEL,CANCEL,N,4999,N
T408050,,,N,,N
T408051,GW-OTHER,GW-OTHER,N,350,Y
T408052,,,N,,N
T408053,,,N,,Y
T408054,,,N,,N
T408055,,,N,,N
T408056,,,N,,N
T408057,,,N,,N
T408058,,,N,,N
T408059,,,N,,N
T408060,DOA-REPL,GW-OTHER,N,2499,N
T408061,,,N,,Y
T408062,,,N,,N
T408063,PRICE-ADJ,GW-OTHER,N,200,N
T408064,,,N,,Y
T408065,DOA-REPL,GW-OTHER,N,1299,N
T408066,,,N,,N
T408067,,,N,,N
T408068,,,N,,N
T408069,,,N,,N
T408070,,,N,,N
T408071,,,N,,Y
T408072,,,N,,N
T408073,,,N,,N
T408074,PRICE-ADJ,PRICE-ADJ,N,750,N
T408075,,,N,,Y
T408076,,,N,,N
T408077,,,N,,Y
T408078,,,N,,N
T408079,,,N,,N
T408080,,,N,,N
T408081,,,N,,Y
T408082,,,N,,Y
T408083,,,N,,Y
T408084,,,N,,N
T408085,DOA-REPL,GW-OTHER,N,5999,N
T408086,,,N,,N
T408087,,,N,,N
T408088,DOA-REPL,GW-OTHER,N,3499,N
T408089,,,N,,N
T408090,,,N,,N
T408091,LOST-TRANSIT,LOST-TRANSIT,N,5999,Y
T408092,,,N,,N
T408093,,,N,,N
T408094,,,N,,N
T408095,,,N,,N
T408096,,,N,,N
T408097,,,N,,Y
T408098,,,N,,N
T408099,,,N,,Y
T408100,DOA-REPL,GW-OTHER,N,1299,N
T408101,,,N,,N
T408102,LOST-TRANSIT,LOST-TRANSIT,N,2499,N
T408103,,,N,,N
T408104,,,N,,N
T408105,PRICE-ADJ,GW-OTHER,N,300,Y
T408106,,,N,,N
T408107,,,N,,N
T408108,,,N,,Y
T408109,,,N,,Y
T408110,,,N,,N
T408111,,,N,,Y
T408112,PRICE-ADJ,PRICE-ADJ,N,600,N
T408113,,,N,,N
T408114,,,N,,N
T408115,,,N,,N
T408116,,,N,,N
T408117,GW-OTHER,GW-OTHER,N,350,Y
T408118,RETURN-QC-OK,GW-OTHER,N,5849,N
T408119,,,N,,Y
T408120,,,N,,N
T408121,,,N,,N
T408122,,,N,,N
T408123,,,N,,N
T408124,,,N,,N
T408125,,,N,,N
T408126,,,N,,Y
T408127,,,N,,Y
T408128,,,N,,N
T408129,,,N,,Y
T408130,,,N,,Y
T408131,,,N,,N
T408132,,,N,,N
T408133,,,N,,Y
T408134,,,N,,N
T408135,DUP-PAYMENT,DUP-PAYMENT,N,5999,Y
T408136,RETURN-QC-OK,RETURN-QC-OK,N,2249,Y
T408137,DOA-REPL,GW-OTHER,N,1999,N
T408138,WTY-BUYBACK,GW-OTHER,N,4712,N
T408139,,,N,,N
T408140,,,N,,Y
T408141,,,N,,N
T408142,,,N,,N
T408143,,,N,,N
T408144,,,N,,Y
T408145,,,N,,N
T408146,DOA-REPL,GW-OTHER,Y,1499,N
T408147,,,N,,N
T408148,DOA-REPL,GW-OTHER,N,399,N
T408149,,,N,,Y
T408150,,,N,,N
T408151,,,N,,Y
T408152,,,N,,N
T408153,,,N,,Y
T408154,,,N,,Y
T408155,,,N,,Y
T408156,,,N,,Y
T408157,,,N,,Y
T408158,,,N,,Y
T408159,,,N,,Y
T408160,,,N,,N
T408161,,,N,,N
T408162,,,N,,N
T408163,DUP-PAYMENT,DUP-PAYMENT,N,1799,N
T408164,,,N,,N
T408165,,,N,,Y
T408166,,,N,,N
T408167,,,N,,N
T408168,,,N,,N
T408169,,,N,,N
T408170,,,N,,Y
T408171,,,N,,Y
T408172,,,N,,N
T408173,,,N,,N
T408174,,,N,,N
T408175,,,N,,N
T408176,,,N,,Y
T408177,,,N,,Y
T408178,WTY-BUYBACK,GW-OTHER,N,897,N
T408179,,,N,,N
T408180,LOST-TRANSIT,LOST-TRANSIT,N,1299,N
T408181,DUP-PAYMENT,GW-OTHER,N,6499,Y
T408182,,,N,,N
T408183,,,N,,N
T408184,,,N,,N
T408185,,,N,,Y
T408186,,,N,,Y
T408187,,,N,,N
T408188,LOST-TRANSIT,LOST-TRANSIT,N,6999,N
T408189,,,N,,N
T408190,,,N,,N
T408191,RETURN-QC-OK,GW-OTHER,N,1499,N
T408192,,,N,,N
T408193,,,N,,N
T408194,,,N,,N
T408195,,,N,,N
T408196,GW-OTHER,GW-OTHER,N,400,N
T408197,,,N,,N
T408198,,,N,,N
T408199,,,N,,N
T408200,,,N,,N
T408201,LOST-TRANSIT,GW-OTHER,N,1499,N
T408202,,,N,,Y
T408203,,,N,,N
T408204,,,N,,N
T408205,,,N,,Y
T408206,,,N,,Y
T408207,,,N,,N
T408208,,,N,,N
T408209,,,N,,N
T408210,,,N,,N
T408211,,,N,,N
T408212,,,N,,N
T408213,,,N,,Y
T408214,LOST-TRANSIT,GW-OTHER,N,2499,N
T408215,,,N,,N
T408216,,,N,,N
T408217,,,N,,N
T408218,,,N,,N
T408219,GW-OTHER,GW-OTHER,N,300,Y
T408220,,,N,,Y
T408221,,,N,,N
T408222,,,N,,N
T408223,,,N,,N
T408224,,,N,,N
T408225,,,N,,Y
T408226,,,N,,Y
T408227,,,N,,N
T408228,,,N,,Y
T408229,,,N,,N
T408230,,,N,,Y
T408231,,,N,,N
T408232,,,N,,N
T408233,,,N,,N
T408234,,,N,,Y
T408235,DOA-REPL,DOA-REPL,N,2499,N
T408236,,,N,,N
T408237,,,N,,Y
T408238,,,N,,Y
T408239,,,N,,Y
T408240,,,N,,N
T408241,,,N,,N
T408242,,,N,,Y
T408243,,,N,,N
T408244,DUP-PAYMENT,GW-OTHER,N,6999,N
T408245,,,N,,N
T408246,DOA-REPL,GW-OTHER,Y,5999,N
T408247,,,N,,N
T408248,,,N,,N
T408249,,,N,,Y
T408250,,,N,,N
T408251,,,N,,N
T408252,LOST-TRANSIT,GW-OTHER,N,4999,N
T408253,,,N,,N
T408254,,,N,,N
T408255,,,N,,Y
T408256,,,N,,N
T408257,,,N,,N
T408258,,,N,,N
T408259,,,N,,Y
T408260,,,N,,N
T408261,,,N,,N
T408262,,,N,,N
T408263,,,N,,Y
T408264,,,N,,Y
T408265,,,N,,N
T408266,CANCEL,CANCEL,N,2499,N
T408267,,,N,,N
T408268,,,N,,N
T408269,,,N,,Y
T408270,,,N,,N
T408271,,,N,,Y
T408272,,,N,,N
T408273,,,N,,Y
T408274,,,N,,N
T408275,PRICE-ADJ,PRICE-ADJ,N,300,N
T408276,RETURN-QC-OK,RETURN-QC-OK,N,1499,Y
T408277,,,N,,Y
T408278,LOST-TRANSIT,LOST-TRANSIT,N,2499,Y
T408279,,,N,,N
T408280,RETURN-QC-OK,GW-OTHER,N,1499,N
T408281,,,N,,N
T408282,CANCEL,CANCEL,N,4999,Y
T408283,,,N,,Y
T408284,,,N,,N
T408285,,,N,,N
T408286,,,N,,N
T408287,,,N,,Y
T408288,,,N,,N
T408289,,,N,,N
T408290,WTY-BUYBACK,WTY-BUYBACK,N,823,N
T408291,,,N,,N
T408292,,,N,,Y
T408293,,,N,,N
T408294,,,N,,N
T408295,,,N,,N
T408296,,,N,,N
T408297,,,N,,N
T408298,,,N,,N
T408299,,,N,,Y
T408300,,,N,,N
T408301,,,N,,N
T408302,,,N,,N
T408303,,,N,,N
T408304,,,N,,N
T408305,,,N,,N
T408306,,,N,,Y
T408307,,,N,,N
T408308,,,N,,Y
T408309,,,N,,N
T408310,LOST-TRANSIT,GW-OTHER,N,4999,Y
T408311,,,N,,N
T408312,,,N,,N
T408313,,,N,,N
T408314,,,N,,N
T408315,,,N,,Y
T408316,,,N,,Y
T408317,,,N,,N
T408318,,,N,,N
T408319,LOST-TRANSIT,LOST-TRANSIT,N,4999,N
T408320,,,N,,N
T408321,,,N,,Y
T408322,,,N,,N
T408323,,,N,,N
T408324,DOA-REPL,GW-OTHER,N,6499,N
T408325,,,N,,Y
T408326,,,N,,N
T408327,,,N,,N
T408328,,,N,,N
T408329,PRICE-ADJ,GW-OTHER,N,750,N
T408330,,,N,,Y
T408331,,,N,,N
T408332,,,N,,N
T408333,LOST-TRANSIT,GW-OTHER,N,2499,Y
T408334,,,N,,N
T408335,,,N,,N
T408336,,,N,,N
T408337,LOST-TRANSIT,GW-OTHER,N,4999,Y
T408338,,,N,,N
T408339,,,N,,N
T408340,,,N,,Y
T408341,,,N,,N
T408342,,,N,,Y
T408343,,,N,,N
T408344,DOA-REPL,GW-OTHER,N,2499,Y
T408345,,,N,,N
T408346,,,N,,N
T408347,,,N,,Y
T408348,,,N,,Y
T408349,,,N,,N
T408350,CANCEL,CANCEL,N,1299,N
T408351,DOA-REPL,GW-OTHER,N,3499,N
T408352,,,N,,N
T408353,,,N,,Y
T408354,,,N,,N
T408355,,,N,,Y
T408356,,,N,,N
T408357,,,N,,N
T408358,,,N,,Y
T408359,,,N,,Y
T408360,,,N,,N
T408361,,,N,,N
T408362,,,N,,N
T408363,,,N,,N
T408364,,,N,,Y
T408365,,,N,,N
T408366,,,N,,Y
T408367,,,N,,Y
T408368,,,N,,N
T408369,LOST-TRANSIT,LOST-TRANSIT,N,1799,N
T408370,,,N,,N
T408371,,,N,,N
T408372,,,N,,N
T408373,,,N,,N
T408374,,,N,,Y
T408375,,,N,,N
T408376,,,N,,Y
T408377,,,N,,N
T408378,,,N,,Y
T408379,,,N,,N
T408380,,,N,,N
T408381,,,N,,Y
T408382,,,N,,N
T408383,,,N,,N
T408384,,,N,,N
T408385,,,N,,N
T408386,,,N,,N
T408387,,,N,,Y
T408388,,,N,,N
T408389,,,N,,N
T408390,,,N,,N
T408391,,,N,,Y
T408392,,,N,,N
T408393,,,N,,Y
T408394,,,N,,N
T408395,,,N,,N
T408396,,,N,,Y
T408397,,,N,,N
T408398,,,N,,N
T408399,,,N,,Y
T408400,,,N,,Y
T408401,,,N,,Y
T408402,,,N,,N
T408403,,,N,,N
T408404,,,N,,N
T408405,DOA-REPL,GW-OTHER,Y,2499,N
T408406,,,N,,Y
T408407,DUP-PAYMENT,DUP-PAYMENT,N,6499,N
T408408,,,N,,N
T408409,,,N,,N
T408410,,,N,,Y
T408411,WTY-BUYBACK,GW-OTHER,N,2625,N
T408412,DOA-REPL,GW-OTHER,N,5999,N
T408413,,,N,,Y
T408414,RETURN-QC-OK,GW-OTHER,N,2499,Y
T408415,,,N,,N
T408416,,,N,,N
T408417,,,N,,N
T408418,,,N,,Y
T408419,,,N,,N
T408420,,,N,,Y
T408421,DOA-REPL,GW-OTHER,N,3499,N
T408422,,,N,,N
T408423,,,N,,N
T408424,GW-OTHER,GW-OTHER,N,300,N
T408425,,,N,,Y
T408426,,,N,,Y
T408427,,,N,,Y
T408428,,,N,,Y
T408429,DOA-REPL,GW-OTHER,N,6999,N
T408430,,,N,,N
T408431,,,N,,N
T408432,DOA-REPL,GW-OTHER,N,399,N
T408433,LOST-TRANSIT,LOST-TRANSIT,N,1299,N
T408434,,,N,,N
T408435,,,N,,N
T408436,,,N,,Y
T408437,,,N,,N
T408438,,,N,,N
T408439,,,N,,N
T408440,,,N,,Y
T408441,,,N,,N
T408442,,,N,,N
T408443,CANCEL,GW-OTHER,N,4999,N
T408444,,,N,,N
T408445,,,N,,Y
T408446,,,N,,N
T408447,,,N,,N
T408448,,,N,,N
T408449,,,N,,N
T408450,,,N,,N
T408451,,,N,,N
T408452,,,N,,Y
T408453,,,N,,N
T408454,DUP-PAYMENT,DUP-PAYMENT,N,4999,N
T408455,RETURN-QC-OK,GW-OTHER,Y,399,Y
T408456,,,N,,N
T408457,DOA-REPL,GW-OTHER,N,2499,N
T408458,,,N,,N
T408459,,,N,,N
T408460,,,N,,N
T408461,CANCEL,GW-OTHER,N,3499,N
T408462,,,N,,Y
T408463,,,N,,N
T408464,,,N,,N
T408465,,,N,,N
T408466,,,N,,Y
T408467,,,N,,N
T408468,,,N,,N
T408469,,,N,,N
T408470,,,N,,N
T408471,,,N,,N
T408472,,,N,,N
T408473,,,N,,N
T408474,,,N,,N
T408475,,,N,,Y
T408476,DUP-PAYMENT,DUP-PAYMENT,N,2499,N
T408477,,,N,,Y
T408478,,,N,,N
T408479,,,N,,N
T408480,,,N,,Y
T408481,,,N,,N
T408482,,,N,,N
T408483,,,N,,N
T408484,,,N,,Y
T408485,,,N,,N
T408486,LOST-TRANSIT,GW-OTHER,N,1299,N
T408487,RETURN-QC-OK,RETURN-QC-OK,N,2499,N
T408488,,,N,,N
T408489,,,N,,N
T408490,,,N,,N
T408491,DOA-REPL,GW-OTHER,N,2499,N
T408492,,,N,,N
T408493,,,N,,Y
T408494,,,N,,N
T408495,,,N,,N
T408496,,,N,,N
T408497,,,N,,N
T408498,,,N,,N
T408499,,,N,,Y
T408500,,,N,,N
T408501,,,N,,N
T408502,,,N,,Y
T408503,,,N,,Y
T408504,,,N,,N
T408505,,,N,,N
T408506,RETURN-QC-OK,RETURN-QC-OK,N,5999,N
T408507,PRICE-ADJ,PRICE-ADJ,N,100,N
T408508,DOA-REPL,GW-OTHER,N,1799,N
T408509,RETURN-QC-OK,RETURN-QC-OK,N,6499,Y
T408510,LOST-TRANSIT,LOST-TRANSIT,N,4999,N
T408511,,,N,,Y
T408512,,,N,,Y
T408513,RETURN-QC-OK,GW-OTHER,N,2499,N
T408514,PRICE-ADJ,GW-OTHER,N,100,N
T408515,,,N,,Y
T408516,,,N,,Y
T408517,GW-OTHER,GW-OTHER,N,200,N
T408518,,,N,,N
T408519,,,N,,N
T408520,GW-OTHER,GW-OTHER,N,200,N
T408521,,,N,,N
T408522,GW-OTHER,GW-OTHER,N,350,N
T408523,,,N,,Y
T408524,,,N,,N
T408525,,,N,,Y
T408526,,,N,,N
T408527,,,N,,N
T408528,,,N,,N
T408529,,,N,,N
T408530,,,N,,Y
T408531,,,N,,Y
T408532,,,N,,Y
T408533,,,N,,N
T408534,,,N,,N
T408535,,,N,,Y
T408536,,,N,,N
T408537,,,N,,N
T408538,,,N,,N
T408539,,,N,,Y
T408540,,,N,,N
T408541,,,N,,N
T408542,,,N,,Y
T408543,,,N,,N
T408544,PRICE-ADJ,PRICE-ADJ,N,300,Y
T408545,,,N,,N
T408546,,,N,,N
T408547,,,N,,N
T408548,,,N,,N
T408549,,,N,,Y
T408550,,,N,,Y
T408551,,,N,,N
T408552,,,N,,Y
T408553,,,N,,Y
T408554,,,N,,N
T408555,,,N,,N
T408556,,,N,,N
T408557,,,N,,N
T408558,,,N,,N
T408559,,,N,,N
T408560,,,N,,N
T408561,,,N,,N
T408562,RETURN-QC-OK,GW-OTHER,N,4999,N
T408563,,,N,,Y
T408564,,,N,,N
T408565,,,N,,Y
T408566,,,N,,Y
T408567,,,N,,N
T408568,DUP-PAYMENT,GW-OTHER,N,2499,Y
T408569,,,N,,N
T408570,CANCEL,CANCEL,N,2499,N
T408571,,,N,,N
T408572,,,N,,N
T408573,,,N,,Y
T408574,,,N,,N
T408575,DUP-PAYMENT,GW-OTHER,N,1299,N
T408576,,,N,,Y
T408577,DOA-REPL,GW-OTHER,N,6999,N
T408578,,,N,,N
T408579,,,N,,N
T408580,,,N,,Y
T408581,,,N,,Y
T408582,,,N,,N
T408583,LOST-TRANSIT,LOST-TRANSIT,N,6999,Y
T408584,,,N,,N
T408585,DOA-REPL,DOA-REPL,N,5999,N
T408586,,,N,,N
T408587,,,N,,N
T408588,,,N,,Y
T408589,,,N,,N
T408590,,,N,,N
T408591,,,N,,Y
T408592,,,N,,Y
T408593,WTY-BUYBACK,WTY-BUYBACK,N,2840,N
T408594,,,N,,N
T408595,,,N,,N
T408596,,,N,,Y
T408597,,,N,,N
T408598,,,N,,N
T408599,,,N,,N
T408600,,,N,,Y
T408601,,,N,,Y
T408602,,,N,,Y
T408603,RETURN-QC-OK,RETURN-QC-OK,N,2499,N
T408604,LOST-TRANSIT,LOST-TRANSIT,N,4999,N
T408605,,,N,,N
T408606,,,N,,N
T408607,,,N,,Y
T408608,,,N,,Y
T408609,,,N,,N
T408610,,,N,,Y
T408611,,,N,,N
T408612,CANCEL,GW-OTHER,N,1299,N
T408613,,,N,,N
T408614,,,N,,Y
T408615,,,N,,N
T408616,LOST-TRANSIT,GW-OTHER,N,2499,N
T408617,,,N,,N
T408618,,,N,,Y
T408619,,,N,,N
T408620,,,N,,N
T408621,,,N,,N
T408622,,,N,,N
T408623,,,N,,N
T408624,GW-OTHER,GW-OTHER,N,1000,N
T408625,,,N,,N
T408626,,,N,,Y
T408627,LOST-TRANSIT,GW-OTHER,N,1299,N
T408628,CANCEL,GW-OTHER,N,5999,N
T408629,,,N,,N
T408630,,,N,,N
T408631,,,N,,N
T408632,,,N,,Y
T408633,,,N,,Y
T408634,,,N,,N
T408635,,,N,,Y
T408636,,,N,,N
T408637,,,N,,N
T408638,,,N,,N
T408639,,,N,,Y
T408640,DUP-PAYMENT,DUP-PAYMENT,N,1299,Y
T408641,,,N,,N
T408642,,,N,,N
T408643,,,N,,Y
T408644,,,N,,Y
T408645,,,N,,N
T408646,,,N,,N
T408647,,,N,,Y
T408648,,,N,,Y
T408649,CANCEL,GW-OTHER,N,6499,N
T408650,,,N,,N
T408651,,,N,,Y
T408652,,,N,,N
T408653,,,N,,N
T408654,,,N,,N
T408655,,,N,,N
T408656,RETURN-QC-OK,RETURN-QC-OK,Y,2499,Y
T408657,,,N,,N
T408658,,,N,,N
T408659,,,N,,N
T408660,DUP-PAYMENT,DUP-PAYMENT,N,6999,N
T408661,,,N,,N
T408662,,,N,,N
T408663,,,N,,N
T408664,LOST-TRANSIT,LOST-TRANSIT,N,6499,Y
T408665,,,N,,Y
T408666,LOST-TRANSIT,GW-OTHER,N,399,N
T408667,CANCEL,CANCEL,N,5999,N
T408668,,,N,,N
T408669,,,N,,N
T408670,,,N,,N
T408671,,,N,,N
T408672,,,N,,N
T408673,,,N,,N
T408674,,,N,,N
T408675,LOST-TRANSIT,GW-OTHER,N,1999,Y
T408676,,,N,,N
T408677,,,N,,N
T408678,,,N,,N
T408679,LOST-TRANSIT,GW-OTHER,N,1799,N
T408680,,,N,,Y
T408681,,,N,,Y
T408682,,,N,,N
T408683,,,N,,N
T408684,DUP-PAYMENT,DUP-PAYMENT,N,1999,N
T408685,,,N,,Y
T408686,,,N,,Y
T408687,,,N,,N
T408688,LOST-TRANSIT,GW-OTHER,N,399,N
T408689,,,N,,N
T408690,,,N,,N
T408691,CANCEL,GW-OTHER,N,399,Y
T408692,,,N,,Y
T408693,CANCEL,GW-OTHER,N,2499,Y
T408694,RETURN-QC-OK,GW-OTHER,Y,4999,N
T408695,,,N,,N
T408696,,,N,,Y
T408697,,,N,,N
T408698,,,N,,N
T408699,,,N,,N
T408700,,,N,,Y
T408701,DOA-REPL,GW-OTHER,N,2499,Y
T408702,,,N,,N
T408703,,,N,,Y
T408704,,,N,,N
T408705,,,N,,Y
T408706,,,N,,N
T408707,,,N,,N
T408708,,,N,,N
T408709,,,N,,N
T408710,,,N,,N
T408711,CANCEL,GW-OTHER,N,1999,Y
T408712,,,N,,N
T408713,CANCEL,CANCEL,N,1999,Y
T408714,,,N,,Y
T408715,,,N,,N
T408716,GW-OTHER,GW-OTHER,N,250,N
T408717,,,N,,Y
T408718,,,N,,Y
T408719,,,N,,N
T408720,,,N,,Y
T408721,,,N,,Y
T408722,,,N,,N
T408723,,,N,,N
T408724,,,N,,Y
T408725,PRICE-ADJ,PRICE-ADJ,N,200,N
T408726,,,N,,N
T408727,,,N,,N
T408728,,,N,,N
T408729,,,N,,Y
T408730,RETURN-QC-OK,GW-OTHER,N,1999,N
T408731,,,N,,N
T408732,,,N,,N
T408733,,,N,,N
T408734,,,N,,Y
T408735,,,N,,Y
T408736,,,N,,N
T408737,DOA-REPL,GW-OTHER,N,6999,Y
T408738,,,N,,Y
T408739,,,N,,N
T408740,,,N,,Y
T408741,,,N,,Y
T408742,,,N,,Y
T408743,,,N,,N
T408744,,,N,,Y
T408745,RETURN-QC-OK,GW-OTHER,Y,399,N
T408746,,,N,,N
T408747,,,N,,N
T408748,,,N,,N
T408749,,,N,,N
T408750,,,N,,Y
T408751,,,N,,N
T408752,,,N,,N
T408753,,,N,,N
T408754,,,N,,N
T408755,,,N,,N
T408756,,,N,,N
T408757,GW-OTHER,DOA-REPL,N,500,N
T408758,DOA-REPL,GW-OTHER,N,2499,N
T408759,,,N,,Y
T408760,DOA-REPL,DOA-REPL,N,4999,N
T408761,,,N,,N
T408762,,,N,,N
T408763,,,N,,Y
T408764,RETURN-QC-OK,RETURN-QC-OK,N,1299,N
T408765,DOA-REPL,GW-OTHER,Y,1999,N
T408766,RETURN-QC-OK,RETURN-QC-OK,N,1299,Y
T408767,,,N,,N
T408768,LOST-TRANSIT,GW-OTHER,N,399,Y
T408769,,,N,,N
T408770,,,N,,Y
T408771,GW-OTHER,GW-OTHER,N,150,Y
T408772,,,N,,N
T408773,DOA-REPL,DOA-REPL,N,399,N
T408774,,,N,,N
T408775,,,N,,N
T408776,,,N,,N
T408777,,,N,,Y
T408778,,,N,,Y
T408779,DUP-PAYMENT,DUP-PAYMENT,N,1299,N
T408780,,,N,,N
T408781,DOA-REPL,GW-OTHER,N,1299,N
T408782,,,N,,N
T408783,,,N,,N
T408784,DOA-REPL,GW-OTHER,N,6499,N
T408785,,,N,,N
T408786,,,N,,Y
T408787,,,N,,N
T408788,,,N,,N
T408789,PRICE-ADJ,PRICE-ADJ,N,300,Y
T408790,,,N,,N
T408791,,,N,,N
T408792,,,N,,Y
T408793,,,N,,N
T408794,,,N,,Y
T408795,,,N,,Y
T408796,,,N,,N
T408797,,,N,,N
T408798,,,N,,N
T408799,RETURN-QC-OK,GW-OTHER,N,2499,N
T408800,,,N,,N
T408801,,,N,,N
T408802,,,N,,N
T408803,,,N,,N
T408804,LOST-TRANSIT,GW-OTHER,N,399,N
T408805,,,N,,Y
T408806,,,N,,Y
T408807,,,N,,N
T408808,,,N,,Y
T408809,,,N,,Y
T408810,,,N,,N
T408811,,,N,,N
T408812,,,N,,N
T408813,,,N,,N
T408814,,,N,,N
T408815,,,N,,N
T408816,,,N,,N
T408817,,,N,,Y
T408818,,,N,,N
T408819,,,N,,N
T408820,,,N,,N
T408821,DUP-PAYMENT,GW-OTHER,N,4999,N
T408822,,,N,,N
T408823,,,N,,N
T408824,,,N,,Y
T408825,,,N,,N
T408826,,,N,,N
T408827,,,N,,N
T408828,,,N,,N
T408829,,,N,,N
T408830,,,N,,Y
T408831,,,N,,N
T408832,,,N,,Y
T408833,,,N,,N
T408834,,,N,,N
T408835,,,N,,Y
T408836,,,N,,N
T408837,,,N,,N
T408838,GW-OTHER,WTY-BUYBACK,N,300,N
T408839,,,N,,N
T408840,,,N,,N
T408841,,,N,,N
T408842,,,N,,Y
T408843,,,N,,N
T408844,GW-OTHER,GW-OTHER,N,150,N
T408845,,,N,,Y
T408846,,,N,,N
T408847,,,N,,N
T408848,LOST-TRANSIT,GW-OTHER,N,1999,N
T408849,LOST-TRANSIT,GW-OTHER,N,1799,Y
T408850,,,N,,N
T408851,,,N,,N
T408852,,,N,,N
T408853,,,N,,Y
T408854,,,N,,N
T408855,,,N,,N
T408856,,,N,,N
T408857,,,N,,N
T408858,,,N,,N
T408859,,,N,,Y
T408860,RETURN-QC-OK,GW-OTHER,N,6999,N
T408861,DOA-REPL,GW-OTHER,N,5999,N
T408862,,,N,,N
T408863,CANCEL,GW-OTHER,N,399,N
T408864,,,N,,N
T408865,,,N,,N
T408866,,,N,,Y
T408867,RETURN-QC-OK,GW-OTHER,N,2499,Y
T408868,,,N,,N
T408869,,,N,,N
T408870,WTY-BUYBACK,WTY-BUYBACK,N,3883,Y
T408871,DOA-REPL,GW-OTHER,N,4999,N
T408872,RETURN-QC-OK,RETURN-QC-OK,N,1299,Y
T408873,,,N,,Y
T408874,CANCEL,GW-OTHER,N,1999,N
T408875,,,N,,N
T408876,,,N,,N
T408877,,,N,,N
T408878,,,N,,Y
T408879,,,N,,Y
T408880,,,N,,N
T408881,,,N,,Y
T408882,,,N,,N
T408883,,,N,,N
T408884,,,N,,N
T408885,,,N,,N
T408886,DOA-REPL,GW-OTHER,N,1499,N
T408887,,,N,,N
T408888,,,N,,N
T408889,,,N,,N
T408890,,,N,,N
T408891,,,N,,Y
T408892,,,N,,N
T408893,,,N,,N
T408894,,,N,,N
T408895,,,N,,N
T408896,,,N,,N
T408897,,,N,,N
T408898,,,N,,Y
T408899,,,N,,Y
T408900,,,N,,N
T408901,,,N,,N
T408902,,,N,,N
T408903,,,N,,N
T408904,,,N,,N
T408905,,,N,,Y
T408906,,,N,,N
T408907,,,N,,N
T408908,,,N,,Y
T408909,,,N,,Y
T408910,,,N,,N
T408911,,,N,,Y
T408912,,,N,,N
T408913,,,N,,N
T408914,,,N,,N
T408915,,,N,,Y
T408916,,,N,,Y
T408917,,,N,,N
T408918,,,N,,N
T408919,CANCEL,GW-OTHER,N,2499,Y
T408920,,,N,,N
T408921,,,N,,N
T408922,,,N,,N
T408923,,,N,,N
T408924,,,N,,N
T408925,,,N,,N
T408926,,,N,,N
T408927,,,N,,N
T408928,DUP-PAYMENT,GW-OTHER,N,1299,Y
T408929,,,N,,N
T408930,,,N,,N
T408931,,,N,,N
T408932,,,N,,Y
T408933,,,N,,N
T408934,DOA-REPL,DOA-REPL,N,3499,N
T408935,RETURN-QC-OK,GW-OTHER,N,2499,Y
T408936,,,N,,N
T408937,,,N,,N
T408938,,,N,,N
T408939,,,N,,N
T408940,CANCEL,GW-OTHER,N,4999,N
T408941,,,N,,N
T408942,,,N,,N
T408943,,,N,,N
T408944,,,N,,N
T408945,,,N,,N
T408946,,,N,,N
T408947,,,N,,N
T408948,,,N,,N
T408949,,,N,,Y
T408950,,,N,,N
T408951,DOA-REPL,GW-OTHER,N,3499,Y
T408952,RETURN-QC-OK,GW-OTHER,N,1299,Y
T408953,,,N,,Y
T408954,GW-OTHER,GW-OTHER,N,800,N
T408955,,,N,,N
T408956,,,N,,Y
T408957,,,N,,N
T408958,,,N,,N
T408959,,,N,,Y
T408960,PRICE-ADJ,GW-OTHER,N,100,N
T408961,,,N,,N
T408962,,,N,,N
T408963,WTY-BUYBACK,WTY-BUYBACK,N,1302,N
T408964,,,N,,N
T408965,WTY-BUYBACK,WTY-BUYBACK,N,1478,N
T408966,,,N,,Y
T408967,,,N,,Y
T408968,,,N,,Y
T408969,,,N,,N
T408970,,,N,,Y
T408971,,,N,,N
T408972,,,N,,N
T408973,,,N,,N
T408974,DOA-REPL,GW-OTHER,Y,5999,Y
T408975,CANCEL,CANCEL,N,3499,N
T408976,,,N,,Y
T408977,DOA-REPL,GW-OTHER,Y,3499,Y
T408978,,,N,,Y
T408979,CANCEL,GW-OTHER,N,1999,N
T408980,,,N,,N
T408981,,,N,,Y
T408982,,,N,,Y
T408983,DOA-REPL,GW-OTHER,N,4999,N
T408984,,,N,,N
T408985,,,N,,Y
T408986,,,N,,N
T408987,,,N,,Y
T408988,,,N,,N
T408989,,,N,,Y
T408990,,,N,,N
T408991,,,N,,Y
T408992,DUP-PAYMENT,DUP-PAYMENT,N,2499,N
T408993,,,N,,N
T408994,,,N,,N
T408995,,,N,,N
T408996,,,N,,Y
T408997,RETURN-QC-OK,RETURN-QC-OK,N,3499,Y
T408998,DOA-REPL,DOA-REPL,N,4999,N
T408999,,,N,,N
T409000,,,N,,N
T409001,,,N,,Y
T409002,DOA-REPL,DOA-REPL,N,5999,N
T409003,,,N,,N
T409004,LOST-TRANSIT,LOST-TRANSIT,N,2499,Y
T409005,,,N,,N
T409006,,,N,,Y
T409007,,,N,,N
T409008,,,N,,N
T409009,,,N,,N
T409010,,,N,,N
T409011,,,N,,N
T409012,,,N,,N
T409013,,,N,,N
T409014,,,N,,N
T409015,,,N,,N
T409016,,,N,,Y
T409017,,,N,,N
T409018,,,N,,Y
T409019,GW-OTHER,GW-OTHER,N,350,Y
T409020,,,N,,Y
T409021,,,N,,N
T409022,,,N,,N
T409023,,,N,,N
T409024,,,N,,N
T409025,,,N,,Y
T409026,,,N,,N
T409027,,,N,,Y
T409028,,,N,,Y
T409029,,,N,,N
T409030,GW-OTHER,GW-OTHER,N,200,Y
T409031,,,N,,N
T409032,,,N,,N
T409033,GW-OTHER,GW-OTHER,N,1000,N
T409034,,,N,,N
T409035,,,N,,N
T409036,,,N,,Y
T409037,DUP-PAYMENT,GW-OTHER,N,5999,N
T409038,,,N,,N
T409039,,,N,,Y
T409040,PRICE-ADJ,GW-OTHER,N,500,N
T409041,,,N,,N
T409042,PRICE-ADJ,PRICE-ADJ,N,300,N
T409043,,,N,,Y
T409044,,,N,,N
T409045,,,N,,N
T409046,,,N,,N
T409047,,,N,,N
T409048,,,N,,N
T409049,LOST-TRANSIT,LOST-TRANSIT,N,5999,Y
T409050,,,N,,Y
T409051,,,N,,Y
T409052,,,N,,N
T409053,DOA-REPL,DOA-REPL,N,1499,N
T409054,,,N,,N
T409055,,,N,,N
T409056,,,N,,N
T409057,,,N,,N
T409058,,,N,,N
T409059,,,N,,Y
T409060,RETURN-QC-OK,GW-OTHER,N,1299,N
T409061,,,N,,Y
T409062,,,N,,N
T409063,,,N,,Y
T409064,LOST-TRANSIT,GW-OTHER,N,1999,Y
T409065,CANCEL,GW-OTHER,N,1799,N
T409066,,,N,,N
T409067,,,N,,N
T409068,DOA-REPL,GW-OTHER,N,1799,N
T409069,,,N,,N
T409070,,,N,,N
T409071,GW-OTHER,GW-OTHER,N,500,N
T409072,,,N,,Y
T409073,DOA-REPL,GW-OTHER,N,4999,N
T409074,,,N,,N
T409075,GW-OTHER,GW-OTHER,N,400,N
T409076,,,N,,N
T409077,,,N,,N
T409078,RETURN-QC-OK,GW-OTHER,N,5849,N
T409079,,,N,,N
T409080,,,N,,N
T409081,,,N,,N
T409082,,,N,,N
T409083,,,N,,N
T409084,RETURN-QC-OK,DUP-PAYMENT,N,6999,Y
T409085,,,N,,Y
T409086,,,N,,Y
T409087,DOA-REPL,GW-OTHER,N,4999,Y
T409088,DOA-REPL,DOA-REPL,N,5999,N
T409089,,,N,,N
T409090,DOA-REPL,LOST-TRANSIT,N,1499,N
T409091,,,N,,N
T409092,RETURN-QC-OK,GW-OTHER,N,5999,N
T409093,CANCEL,CANCEL,N,2499,N
T409094,,,N,,N
T409095,,,N,,Y
T409096,,,N,,N
T409097,,,N,,N
T409098,,,N,,N
T409099,,,N,,Y
T409100,,,N,,N
T409101,,,N,,Y
T409102,,,N,,Y
T409103,,,N,,N
T409104,,,N,,Y
T409105,,,N,,N
T409106,LOST-TRANSIT,GW-OTHER,N,5999,N
T409107,,,N,,N
T409108,,,N,,N
T409109,,,N,,N
T409110,PRICE-ADJ,PRICE-ADJ,N,500,N
T409111,CANCEL,CANCEL,N,1999,N
T409112,,,N,,Y
T409113,,,N,,N
T409114,,,N,,N
T409115,WTY-BUYBACK,WTY-BUYBACK,N,1576,N
T409116,,,N,,N
T409117,,,N,,Y
T409118,,,N,,N
T409119,,,N,,N
T409120,,,N,,N
T409121,,,N,,N
T409122,,,N,,N
T409123,CANCEL,GW-OTHER,N,5999,Y
T409124,,,N,,N
T409125,,,N,,N
T409126,,,N,,N
T409127,,,N,,N
T409128,,,N,,Y
T409129,,,N,,Y
T409130,,,N,,Y
T409131,DOA-REPL,GW-OTHER,N,1499,Y
T409132,,,N,,N
T409133,,,N,,Y
T409134,,,N,,Y
T409135,,,N,,N
T409136,,,N,,N
T409137,,,N,,N
T409138,,,N,,Y
T409139,,,N,,Y
T409140,,,N,,N
T409141,,,N,,N
T409142,,,N,,Y
T409143,,,N,,Y
T409144,,,N,,N
T409145,,,N,,N
T409146,,,N,,Y
T409147,,,N,,N